deal_order,deal_label,section,line,order,value,unit,source_doc,page
1,"CARPROOF (acq. 2015-12-24; IHS Inc., Transportation segment)",Deal terms,Acquisition date,1,2015-12-24,text,INFO_10K_FY2016,60
1,"CARPROOF (acq. 2015-12-24; IHS Inc., Transportation segment)",Deal terms,"Consideration: purchase price, net of cash acquired (approximately)",2,459.2,usd_m,INFO_10K_FY2016,60
1,"CARPROOF (acq. 2015-12-24; IHS Inc., Transportation segment)",PPA preliminary (net of acquired cash),Current assets,3,6.4,usd_m,INFO_10K_FY2016,61
1,"CARPROOF (acq. 2015-12-24; IHS Inc., Transportation segment)",PPA preliminary (net of acquired cash),Property and equipment,4,2.2,usd_m,INFO_10K_FY2016,61
1,"CARPROOF (acq. 2015-12-24; IHS Inc., Transportation segment)",PPA preliminary (net of acquired cash),Intangible assets,5,168.3,usd_m,INFO_10K_FY2016,61
1,"CARPROOF (acq. 2015-12-24; IHS Inc., Transportation segment)",PPA preliminary (net of acquired cash),Goodwill,6,330.0,usd_m,INFO_10K_FY2016,61
1,"CARPROOF (acq. 2015-12-24; IHS Inc., Transportation segment)",PPA preliminary (net of acquired cash),Other long-term assets,7,0,usd_m,INFO_10K_FY2016,61
1,"CARPROOF (acq. 2015-12-24; IHS Inc., Transportation segment)",PPA preliminary (net of acquired cash),Total assets,8,506.9,usd_m,INFO_10K_FY2016,61
1,"CARPROOF (acq. 2015-12-24; IHS Inc., Transportation segment)",PPA preliminary (net of acquired cash),Current liabilities,9,2.7,usd_m,INFO_10K_FY2016,61
1,"CARPROOF (acq. 2015-12-24; IHS Inc., Transportation segment)",PPA preliminary (net of acquired cash),Deferred revenue,10,0.2,usd_m,INFO_10K_FY2016,61
1,"CARPROOF (acq. 2015-12-24; IHS Inc., Transportation segment)",PPA preliminary (net of acquired cash),Deferred taxes,11,44.5,usd_m,INFO_10K_FY2016,61
1,"CARPROOF (acq. 2015-12-24; IHS Inc., Transportation segment)",PPA preliminary (net of acquired cash),Long-term debt,12,0,usd_m,INFO_10K_FY2016,61
1,"CARPROOF (acq. 2015-12-24; IHS Inc., Transportation segment)",PPA preliminary (net of acquired cash),Other long-term liabilities,13,0.3,usd_m,INFO_10K_FY2016,61
1,"CARPROOF (acq. 2015-12-24; IHS Inc., Transportation segment)",PPA preliminary (net of acquired cash),Noncontrolling interest,14,0,usd_m,INFO_10K_FY2016,61
1,"CARPROOF (acq. 2015-12-24; IHS Inc., Transportation segment)",PPA preliminary (net of acquired cash),Total liabilities and noncontrolling interest,15,47.7,usd_m,INFO_10K_FY2016,61
1,"CARPROOF (acq. 2015-12-24; IHS Inc., Transportation segment)",PPA preliminary (net of acquired cash),"Purchase price, net of cash acquired",16,459.2,usd_m,INFO_10K_FY2016,61
1,"CARPROOF (acq. 2015-12-24; IHS Inc., Transportation segment)",Deal terms,Acquisition date,17,2015-12-24,text,INFO_10K_FY2017,63
1,"CARPROOF (acq. 2015-12-24; IHS Inc., Transportation segment)",Deal terms,"Consideration: purchase price, net of cash acquired (approximately)",18,459.2,usd_m,INFO_10K_FY2017,63
1,"CARPROOF (acq. 2015-12-24; IHS Inc., Transportation segment)",PPA final (net of acquired cash; no longer labelled preliminary),Current assets,19,6.4,usd_m,INFO_10K_FY2017,64
1,"CARPROOF (acq. 2015-12-24; IHS Inc., Transportation segment)",PPA final (net of acquired cash; no longer labelled preliminary),Property and equipment,20,2.2,usd_m,INFO_10K_FY2017,64
1,"CARPROOF (acq. 2015-12-24; IHS Inc., Transportation segment)",PPA final (net of acquired cash; no longer labelled preliminary),Intangible assets,21,168.3,usd_m,INFO_10K_FY2017,64
1,"CARPROOF (acq. 2015-12-24; IHS Inc., Transportation segment)",PPA final (net of acquired cash; no longer labelled preliminary),Goodwill,22,330.0,usd_m,INFO_10K_FY2017,64
1,"CARPROOF (acq. 2015-12-24; IHS Inc., Transportation segment)",PPA final (net of acquired cash; no longer labelled preliminary),Other long-term assets,23,0,usd_m,INFO_10K_FY2017,64
1,"CARPROOF (acq. 2015-12-24; IHS Inc., Transportation segment)",PPA final (net of acquired cash; no longer labelled preliminary),Total assets,24,506.9,usd_m,INFO_10K_FY2017,64
1,"CARPROOF (acq. 2015-12-24; IHS Inc., Transportation segment)",PPA final (net of acquired cash; no longer labelled preliminary),Current liabilities,25,2.7,usd_m,INFO_10K_FY2017,64
1,"CARPROOF (acq. 2015-12-24; IHS Inc., Transportation segment)",PPA final (net of acquired cash; no longer labelled preliminary),Deferred revenue,26,0.2,usd_m,INFO_10K_FY2017,64
1,"CARPROOF (acq. 2015-12-24; IHS Inc., Transportation segment)",PPA final (net of acquired cash; no longer labelled preliminary),Deferred taxes,27,44.5,usd_m,INFO_10K_FY2017,64
1,"CARPROOF (acq. 2015-12-24; IHS Inc., Transportation segment)",PPA final (net of acquired cash; no longer labelled preliminary),Long-term debt,28,0,usd_m,INFO_10K_FY2017,64
1,"CARPROOF (acq. 2015-12-24; IHS Inc., Transportation segment)",PPA final (net of acquired cash; no longer labelled preliminary),Other long-term liabilities,29,0.3,usd_m,INFO_10K_FY2017,64
1,"CARPROOF (acq. 2015-12-24; IHS Inc., Transportation segment)",PPA final (net of acquired cash; no longer labelled preliminary),Noncontrolling interest,30,0,usd_m,INFO_10K_FY2017,64
1,"CARPROOF (acq. 2015-12-24; IHS Inc., Transportation segment)",PPA final (net of acquired cash; no longer labelled preliminary),Total liabilities and noncontrolling interest,31,47.7,usd_m,INFO_10K_FY2017,64
1,"CARPROOF (acq. 2015-12-24; IHS Inc., Transportation segment)",PPA final (net of acquired cash; no longer labelled preliminary),"Purchase price, net of cash acquired",32,459.2,usd_m,INFO_10K_FY2017,64
2,"automotiveMastermind Inc. (acq. 2017-09-25; IHS Markit, Transportation) - PPA table combined with Macroeconomic Advisers (MEA, acq. 2017-09-13)",Deal terms,Acquisition date (aM),1,2017-09-25,text,INFO_10K_FY2017,62
2,"automotiveMastermind Inc. (acq. 2017-09-25; IHS Markit, Transportation) - PPA table combined with Macroeconomic Advisers (MEA, acq. 2017-09-13)",Deal terms,Initial cash consideration for 78% of aM (approximately; incl. estimated contingent consideration),2,433,usd_m,INFO_10K_FY2017,62
2,"automotiveMastermind Inc. (acq. 2017-09-25; IHS Markit, Transportation) - PPA table combined with Macroeconomic Advisers (MEA, acq. 2017-09-13)",Deal terms,of which estimated contingent consideration (payable Q2 2018),3,44,usd_m,INFO_10K_FY2017,62
2,"automotiveMastermind Inc. (acq. 2017-09-25; IHS Markit, Transportation) - PPA table combined with Macroeconomic Advisers (MEA, acq. 2017-09-13)",Deal terms,Stake acquired,4,78,pct,INFO_10K_FY2017,62
2,"automotiveMastermind Inc. (acq. 2017-09-25; IHS Markit, Transportation) - PPA table combined with Macroeconomic Advisers (MEA, acq. 2017-09-13)",Deal terms,Remaining 22%: unrecognized compensation expense estimate - low (preliminary),5,200,usd_m,INFO_10K_FY2017,62
2,"automotiveMastermind Inc. (acq. 2017-09-25; IHS Markit, Transportation) - PPA table combined with Macroeconomic Advisers (MEA, acq. 2017-09-13)",Deal terms,Remaining 22%: unrecognized compensation expense estimate - high (preliminary),6,225,usd_m,INFO_10K_FY2017,62
2,"automotiveMastermind Inc. (acq. 2017-09-25; IHS Markit, Transportation) - PPA table combined with Macroeconomic Advisers (MEA, acq. 2017-09-13)",Deal terms,Initial cash consideration for 78% of aM (approximately; incl. estimated contingent consideration),7,432,usd_m,INFO_10K_FY2018,64
2,"automotiveMastermind Inc. (acq. 2017-09-25; IHS Markit, Transportation) - PPA table combined with Macroeconomic Advisers (MEA, acq. 2017-09-13)",Deal terms,of which estimated contingent consideration (payable Q2 2018),8,43,usd_m,INFO_10K_FY2018,64
2,"automotiveMastermind Inc. (acq. 2017-09-25; IHS Markit, Transportation) - PPA table combined with Macroeconomic Advisers (MEA, acq. 2017-09-13)",Deal terms,Remaining 22%: compensation expense estimate - low (revised Q3 2018),9,150.0,usd_m,INFO_10K_FY2018,64
2,"automotiveMastermind Inc. (acq. 2017-09-25; IHS Markit, Transportation) - PPA table combined with Macroeconomic Advisers (MEA, acq. 2017-09-13)",Deal terms,Remaining 22%: compensation expense estimate - high (revised Q3 2018),10,175.0,usd_m,INFO_10K_FY2018,64
2,"automotiveMastermind Inc. (acq. 2017-09-25; IHS Markit, Transportation) - PPA table combined with Macroeconomic Advisers (MEA, acq. 2017-09-13)","PPA preliminary (aM + MEA total, net of acquired cash)",Current assets,11,7.3,usd_m,INFO_10K_FY2017,63
2,"automotiveMastermind Inc. (acq. 2017-09-25; IHS Markit, Transportation) - PPA table combined with Macroeconomic Advisers (MEA, acq. 2017-09-13)","PPA preliminary (aM + MEA total, net of acquired cash)",Property and equipment,12,1.1,usd_m,INFO_10K_FY2017,63
2,"automotiveMastermind Inc. (acq. 2017-09-25; IHS Markit, Transportation) - PPA table combined with Macroeconomic Advisers (MEA, acq. 2017-09-13)","PPA preliminary (aM + MEA total, net of acquired cash)",Intangible assets,13,113.8,usd_m,INFO_10K_FY2017,63
2,"automotiveMastermind Inc. (acq. 2017-09-25; IHS Markit, Transportation) - PPA table combined with Macroeconomic Advisers (MEA, acq. 2017-09-13)","PPA preliminary (aM + MEA total, net of acquired cash)",Goodwill,14,370.7,usd_m,INFO_10K_FY2017,63
2,"automotiveMastermind Inc. (acq. 2017-09-25; IHS Markit, Transportation) - PPA table combined with Macroeconomic Advisers (MEA, acq. 2017-09-13)","PPA preliminary (aM + MEA total, net of acquired cash)",Other long-term assets,15,0.9,usd_m,INFO_10K_FY2017,63
2,"automotiveMastermind Inc. (acq. 2017-09-25; IHS Markit, Transportation) - PPA table combined with Macroeconomic Advisers (MEA, acq. 2017-09-13)","PPA preliminary (aM + MEA total, net of acquired cash)",Total assets,16,493.8,usd_m,INFO_10K_FY2017,63
2,"automotiveMastermind Inc. (acq. 2017-09-25; IHS Markit, Transportation) - PPA table combined with Macroeconomic Advisers (MEA, acq. 2017-09-13)","PPA preliminary (aM + MEA total, net of acquired cash)",Current liabilities,17,4.6,usd_m,INFO_10K_FY2017,63
2,"automotiveMastermind Inc. (acq. 2017-09-25; IHS Markit, Transportation) - PPA table combined with Macroeconomic Advisers (MEA, acq. 2017-09-13)","PPA preliminary (aM + MEA total, net of acquired cash)",Deferred revenue,18,1.4,usd_m,INFO_10K_FY2017,63
2,"automotiveMastermind Inc. (acq. 2017-09-25; IHS Markit, Transportation) - PPA table combined with Macroeconomic Advisers (MEA, acq. 2017-09-13)","PPA preliminary (aM + MEA total, net of acquired cash)",Deferred taxes,19,42.9,usd_m,INFO_10K_FY2017,63
2,"automotiveMastermind Inc. (acq. 2017-09-25; IHS Markit, Transportation) - PPA table combined with Macroeconomic Advisers (MEA, acq. 2017-09-13)","PPA preliminary (aM + MEA total, net of acquired cash)",Total liabilities,20,48.9,usd_m,INFO_10K_FY2017,63
2,"automotiveMastermind Inc. (acq. 2017-09-25; IHS Markit, Transportation) - PPA table combined with Macroeconomic Advisers (MEA, acq. 2017-09-13)","PPA preliminary (aM + MEA total, net of acquired cash)",Purchase price,21,444.9,usd_m,INFO_10K_FY2017,63
2,"automotiveMastermind Inc. (acq. 2017-09-25; IHS Markit, Transportation) - PPA table combined with Macroeconomic Advisers (MEA, acq. 2017-09-13)","PPA preliminary (aM + MEA total, net of acquired cash)",Goodwill tax deductible (2017 business combinations),22,8.4,usd_m,INFO_10K_FY2017,63
2,"automotiveMastermind Inc. (acq. 2017-09-25; IHS Markit, Transportation) - PPA table combined with Macroeconomic Advisers (MEA, acq. 2017-09-13)","PPA final (aM + MEA total, net of acquired cash)",Current assets,23,7.3,usd_m,INFO_10K_FY2018,65
2,"automotiveMastermind Inc. (acq. 2017-09-25; IHS Markit, Transportation) - PPA table combined with Macroeconomic Advisers (MEA, acq. 2017-09-13)","PPA final (aM + MEA total, net of acquired cash)",Property and equipment,24,1.1,usd_m,INFO_10K_FY2018,65
2,"automotiveMastermind Inc. (acq. 2017-09-25; IHS Markit, Transportation) - PPA table combined with Macroeconomic Advisers (MEA, acq. 2017-09-13)","PPA final (aM + MEA total, net of acquired cash)",Intangible assets,25,113.8,usd_m,INFO_10K_FY2018,65
2,"automotiveMastermind Inc. (acq. 2017-09-25; IHS Markit, Transportation) - PPA table combined with Macroeconomic Advisers (MEA, acq. 2017-09-13)","PPA final (aM + MEA total, net of acquired cash)",Goodwill,26,363.0,usd_m,INFO_10K_FY2018,65
2,"automotiveMastermind Inc. (acq. 2017-09-25; IHS Markit, Transportation) - PPA table combined with Macroeconomic Advisers (MEA, acq. 2017-09-13)","PPA final (aM + MEA total, net of acquired cash)",Other long-term assets,27,0.9,usd_m,INFO_10K_FY2018,65
2,"automotiveMastermind Inc. (acq. 2017-09-25; IHS Markit, Transportation) - PPA table combined with Macroeconomic Advisers (MEA, acq. 2017-09-13)","PPA final (aM + MEA total, net of acquired cash)",Total assets,28,486.1,usd_m,INFO_10K_FY2018,65
2,"automotiveMastermind Inc. (acq. 2017-09-25; IHS Markit, Transportation) - PPA table combined with Macroeconomic Advisers (MEA, acq. 2017-09-13)","PPA final (aM + MEA total, net of acquired cash)",Current liabilities,29,4.4,usd_m,INFO_10K_FY2018,65
2,"automotiveMastermind Inc. (acq. 2017-09-25; IHS Markit, Transportation) - PPA table combined with Macroeconomic Advisers (MEA, acq. 2017-09-13)","PPA final (aM + MEA total, net of acquired cash)",Deferred revenue,30,1.4,usd_m,INFO_10K_FY2018,65
2,"automotiveMastermind Inc. (acq. 2017-09-25; IHS Markit, Transportation) - PPA table combined with Macroeconomic Advisers (MEA, acq. 2017-09-13)","PPA final (aM + MEA total, net of acquired cash)",Deferred taxes,31,36.2,usd_m,INFO_10K_FY2018,65
2,"automotiveMastermind Inc. (acq. 2017-09-25; IHS Markit, Transportation) - PPA table combined with Macroeconomic Advisers (MEA, acq. 2017-09-13)","PPA final (aM + MEA total, net of acquired cash)",Total liabilities,32,42.0,usd_m,INFO_10K_FY2018,65
2,"automotiveMastermind Inc. (acq. 2017-09-25; IHS Markit, Transportation) - PPA table combined with Macroeconomic Advisers (MEA, acq. 2017-09-13)","PPA final (aM + MEA total, net of acquired cash)",Purchase price,33,444.1,usd_m,INFO_10K_FY2018,65
2,"automotiveMastermind Inc. (acq. 2017-09-25; IHS Markit, Transportation) - PPA table combined with Macroeconomic Advisers (MEA, acq. 2017-09-13)","PPA final (aM + MEA total, net of acquired cash)",Goodwill tax deductible (2017 business combinations),34,8.4,usd_m,INFO_10K_FY2018,65
3,"Market Scan Information Systems, Inc. (acq. 2023-02-16; S&P Global Mobility / B2B)",Deal terms,Acquisition date,1,2023-02-16,text,Form10A_2026-05-27,452
3,"Market Scan Information Systems, Inc. (acq. 2023-02-16; S&P Global Mobility / B2B)",Deal terms,Total purchase consideration,2,223,usd_m,Form10A_2026-05-27,452
3,"Market Scan Information Systems, Inc. (acq. 2023-02-16; S&P Global Mobility / B2B)",Deal terms,Cash consideration,3,214,usd_m,Form10A_2026-05-27,452
3,"Market Scan Information Systems, Inc. (acq. 2023-02-16; S&P Global Mobility / B2B)",Deal terms,Contingent consideration liability (fair value; in Other non-current liabilities),4,9,usd_m,Form10A_2026-05-27,452
3,"Market Scan Information Systems, Inc. (acq. 2023-02-16; S&P Global Mobility / B2B)",PPA final,Current assets,5,4,usd_m,Form10A_2026-05-27,453
3,"Market Scan Information Systems, Inc. (acq. 2023-02-16; S&P Global Mobility / B2B)",PPA final,Property and equipment,6,1,usd_m,Form10A_2026-05-27,453
3,"Market Scan Information Systems, Inc. (acq. 2023-02-16; S&P Global Mobility / B2B)",PPA final,Right of use assets,7,1,usd_m,Form10A_2026-05-27,453
3,"Market Scan Information Systems, Inc. (acq. 2023-02-16; S&P Global Mobility / B2B)",PPA final,Goodwill,8,150,usd_m,Form10A_2026-05-27,453
3,"Market Scan Information Systems, Inc. (acq. 2023-02-16; S&P Global Mobility / B2B)",PPA final,Other intangible assets,9,97,usd_m,Form10A_2026-05-27,453
3,"Market Scan Information Systems, Inc. (acq. 2023-02-16; S&P Global Mobility / B2B)",PPA final,Total assets acquired,10,253,usd_m,Form10A_2026-05-27,453
3,"Market Scan Information Systems, Inc. (acq. 2023-02-16; S&P Global Mobility / B2B)",PPA final,Accounts payable,11,2,usd_m,Form10A_2026-05-27,453
3,"Market Scan Information Systems, Inc. (acq. 2023-02-16; S&P Global Mobility / B2B)",PPA final,Unearned revenue,12,22,usd_m,Form10A_2026-05-27,453
3,"Market Scan Information Systems, Inc. (acq. 2023-02-16; S&P Global Mobility / B2B)",PPA final,Lease liabilities - non-current,13,1,usd_m,Form10A_2026-05-27,453
3,"Market Scan Information Systems, Inc. (acq. 2023-02-16; S&P Global Mobility / B2B)",PPA final,Deferred tax liability - non-current,14,25,usd_m,Form10A_2026-05-27,453
3,"Market Scan Information Systems, Inc. (acq. 2023-02-16; S&P Global Mobility / B2B)",PPA final,Other non-current liabilities,15,9,usd_m,Form10A_2026-05-27,453
3,"Market Scan Information Systems, Inc. (acq. 2023-02-16; S&P Global Mobility / B2B)",PPA final,Total liabilities assumed,16,39,usd_m,Form10A_2026-05-27,453
3,"Market Scan Information Systems, Inc. (acq. 2023-02-16; S&P Global Mobility / B2B)",PPA final,Net assets acquired,17,214,usd_m,Form10A_2026-05-27,453
3,"Market Scan Information Systems, Inc. (acq. 2023-02-16; S&P Global Mobility / B2B)",Acquired identifiable intangibles - fair value,Databases and software,18,10,usd_m,Form10A_2026-05-27,453
3,"Market Scan Information Systems, Inc. (acq. 2023-02-16; S&P Global Mobility / B2B)",Acquired identifiable intangibles - weighted average useful life,Databases and software,19,8,years,Form10A_2026-05-27,453
3,"Market Scan Information Systems, Inc. (acq. 2023-02-16; S&P Global Mobility / B2B)",Acquired identifiable intangibles - fair value,Customer relationships,20,81,usd_m,Form10A_2026-05-27,453
3,"Market Scan Information Systems, Inc. (acq. 2023-02-16; S&P Global Mobility / B2B)",Acquired identifiable intangibles - weighted average useful life,Customer relationships,21,20,years,Form10A_2026-05-27,453
3,"Market Scan Information Systems, Inc. (acq. 2023-02-16; S&P Global Mobility / B2B)",Acquired identifiable intangibles - fair value,Trade names,22,6,usd_m,Form10A_2026-05-27,453
3,"Market Scan Information Systems, Inc. (acq. 2023-02-16; S&P Global Mobility / B2B)",Acquired identifiable intangibles - weighted average useful life,Trade names,23,7,years,Form10A_2026-05-27,453
3,"Market Scan Information Systems, Inc. (acq. 2023-02-16; S&P Global Mobility / B2B)",Acquired identifiable intangibles - fair value,Total Identifiable Intangible Assets,24,97,usd_m,Form10A_2026-05-27,453
3,"Market Scan Information Systems, Inc. (acq. 2023-02-16; S&P Global Mobility / B2B)",Acquired identifiable intangibles - weighted average useful life,Total Identifiable Intangible Assets,25,18,years,Form10A_2026-05-27,453
3,"Market Scan Information Systems, Inc. (acq. 2023-02-16; S&P Global Mobility / B2B)",Post-acquisition results,Revenue attributable to Market Scan since acquisition (FY2023),26,25,usd_m,Form10A_2026-05-27,453
3,"Market Scan Information Systems, Inc. (acq. 2023-02-16; S&P Global Mobility / B2B)",Post-acquisition results,Pre-tax income attributable to Market Scan since acquisition (FY2023),27,2,usd_m,Form10A_2026-05-27,453
3,"Market Scan Information Systems, Inc. (acq. 2023-02-16; S&P Global Mobility / B2B)",Acquisition-related expenses,Acquisition-related costs (selling and general) FY2024,28,2,usd_m,Form10A_2026-05-27,453
3,"Market Scan Information Systems, Inc. (acq. 2023-02-16; S&P Global Mobility / B2B)",Acquisition-related expenses,Acquisition-related costs (selling and general) FY2023,29,3,usd_m,Form10A_2026-05-27,453
3,"Market Scan Information Systems, Inc. (acq. 2023-02-16; S&P Global Mobility / B2B)",Deal terms,Acquisition date,30,2023-02-16,text,Form10_2026-05-07,530
3,"Market Scan Information Systems, Inc. (acq. 2023-02-16; S&P Global Mobility / B2B)",Deal terms,Total purchase consideration,31,223,usd_m,Form10_2026-05-07,530
3,"Market Scan Information Systems, Inc. (acq. 2023-02-16; S&P Global Mobility / B2B)",Deal terms,Cash consideration,32,214,usd_m,Form10_2026-05-07,530
3,"Market Scan Information Systems, Inc. (acq. 2023-02-16; S&P Global Mobility / B2B)",Deal terms,Contingent consideration liability (fair value; in Other non-current liabilities),33,9,usd_m,Form10_2026-05-07,530
3,"Market Scan Information Systems, Inc. (acq. 2023-02-16; S&P Global Mobility / B2B)",PPA final,Current assets,34,4,usd_m,Form10_2026-05-07,531
3,"Market Scan Information Systems, Inc. (acq. 2023-02-16; S&P Global Mobility / B2B)",PPA final,Property and equipment,35,1,usd_m,Form10_2026-05-07,531
3,"Market Scan Information Systems, Inc. (acq. 2023-02-16; S&P Global Mobility / B2B)",PPA final,Right of use assets,36,1,usd_m,Form10_2026-05-07,531
3,"Market Scan Information Systems, Inc. (acq. 2023-02-16; S&P Global Mobility / B2B)",PPA final,Goodwill,37,150,usd_m,Form10_2026-05-07,531
3,"Market Scan Information Systems, Inc. (acq. 2023-02-16; S&P Global Mobility / B2B)",PPA final,Other intangible assets,38,97,usd_m,Form10_2026-05-07,531
3,"Market Scan Information Systems, Inc. (acq. 2023-02-16; S&P Global Mobility / B2B)",PPA final,Total assets acquired,39,253,usd_m,Form10_2026-05-07,531
3,"Market Scan Information Systems, Inc. (acq. 2023-02-16; S&P Global Mobility / B2B)",PPA final,Accounts payable,40,2,usd_m,Form10_2026-05-07,531
3,"Market Scan Information Systems, Inc. (acq. 2023-02-16; S&P Global Mobility / B2B)",PPA final,Unearned revenue,41,22,usd_m,Form10_2026-05-07,531
3,"Market Scan Information Systems, Inc. (acq. 2023-02-16; S&P Global Mobility / B2B)",PPA final,Lease liabilities - non-current,42,1,usd_m,Form10_2026-05-07,531
3,"Market Scan Information Systems, Inc. (acq. 2023-02-16; S&P Global Mobility / B2B)",PPA final,Deferred tax liability - non-current,43,25,usd_m,Form10_2026-05-07,531
3,"Market Scan Information Systems, Inc. (acq. 2023-02-16; S&P Global Mobility / B2B)",PPA final,Other non-current liabilities,44,9,usd_m,Form10_2026-05-07,531
3,"Market Scan Information Systems, Inc. (acq. 2023-02-16; S&P Global Mobility / B2B)",PPA final,Total liabilities assumed,45,39,usd_m,Form10_2026-05-07,531
3,"Market Scan Information Systems, Inc. (acq. 2023-02-16; S&P Global Mobility / B2B)",PPA final,Net assets acquired,46,214,usd_m,Form10_2026-05-07,531
3,"Market Scan Information Systems, Inc. (acq. 2023-02-16; S&P Global Mobility / B2B)",Acquired identifiable intangibles - fair value,Databases and software,47,10,usd_m,Form10_2026-05-07,531
3,"Market Scan Information Systems, Inc. (acq. 2023-02-16; S&P Global Mobility / B2B)",Acquired identifiable intangibles - weighted average useful life,Databases and software,48,8,years,Form10_2026-05-07,531
3,"Market Scan Information Systems, Inc. (acq. 2023-02-16; S&P Global Mobility / B2B)",Acquired identifiable intangibles - fair value,Customer relationships,49,81,usd_m,Form10_2026-05-07,531
3,"Market Scan Information Systems, Inc. (acq. 2023-02-16; S&P Global Mobility / B2B)",Acquired identifiable intangibles - weighted average useful life,Customer relationships,50,20,years,Form10_2026-05-07,531
3,"Market Scan Information Systems, Inc. (acq. 2023-02-16; S&P Global Mobility / B2B)",Acquired identifiable intangibles - fair value,Trade names,51,6,usd_m,Form10_2026-05-07,531
3,"Market Scan Information Systems, Inc. (acq. 2023-02-16; S&P Global Mobility / B2B)",Acquired identifiable intangibles - weighted average useful life,Trade names,52,7,years,Form10_2026-05-07,531
3,"Market Scan Information Systems, Inc. (acq. 2023-02-16; S&P Global Mobility / B2B)",Acquired identifiable intangibles - fair value,Total Identifiable Intangible Assets,53,97,usd_m,Form10_2026-05-07,531
3,"Market Scan Information Systems, Inc. (acq. 2023-02-16; S&P Global Mobility / B2B)",Acquired identifiable intangibles - weighted average useful life,Total Identifiable Intangible Assets,54,18,years,Form10_2026-05-07,531
3,"Market Scan Information Systems, Inc. (acq. 2023-02-16; S&P Global Mobility / B2B)",Post-acquisition results,Revenue attributable to Market Scan since acquisition (FY2023),55,25,usd_m,Form10_2026-05-07,531
3,"Market Scan Information Systems, Inc. (acq. 2023-02-16; S&P Global Mobility / B2B)",Post-acquisition results,Pre-tax income attributable to Market Scan since acquisition (FY2023),56,2,usd_m,Form10_2026-05-07,531
3,"Market Scan Information Systems, Inc. (acq. 2023-02-16; S&P Global Mobility / B2B)",Acquisition-related expenses,Acquisition-related costs (selling and general) FY2024,57,2,usd_m,Form10_2026-05-07,531
3,"Market Scan Information Systems, Inc. (acq. 2023-02-16; S&P Global Mobility / B2B)",Acquisition-related expenses,Acquisition-related costs (selling and general) FY2023,58,3,usd_m,Form10_2026-05-07,531
3,"Market Scan Information Systems, Inc. (acq. 2023-02-16; S&P Global Mobility / B2B)",Revenue impact,Favourable impact on 2024 vs 2023 revenue growth,59,3,usd_m,Form10A_2026-05-27,350
3,"Market Scan Information Systems, Inc. (acq. 2023-02-16; S&P Global Mobility / B2B)",Cash flow,Cash used for investing FY2023 (total; 'primarily' Market Scan acquisition - acquisition line not separately legible),60,-230,usd_m,Form10A_2026-05-27,362
4,Catalyst for Aftersales (divested 2023; 'focused automotive aftersales business'),Deal terms,Disposition month,1,2023-08,text,Form10A_2026-05-27,350
4,Catalyst for Aftersales (divested 2023; 'focused automotive aftersales business'),Deal terms,"Loss on disposition (in Other income, net)",2,less than 1,usd_m,Form10A_2026-05-27,453
4,Catalyst for Aftersales (divested 2023; 'focused automotive aftersales business'),Revenue impact,Unfavourable impact on 2024 vs 2023 revenue growth,3,-5,usd_m,Form10A_2026-05-27,350
4,Catalyst for Aftersales (divested 2023; 'focused automotive aftersales business'),Deal terms,Consideration,4,not printed,text,Form10A_2026-05-27,453
5,Separation: contribution of Spin Business to MBGL; cash consideration to S&P Global (2026),Consideration (expected),"Cash payment to S&P Global as consideration for transfer of assets, liabilities and entities (approximately)",1,1900,usd_m,Form10A_2026-05-27,321
5,Separation: contribution of Spin Business to MBGL; cash consideration to S&P Global (2026),Pro forma APIC adjustment (3/31/26),Cash distribution to S&P Global,2,-1900,usd_m,Form10A_2026-05-27,338
5,Separation: contribution of Spin Business to MBGL; cash consideration to S&P Global (2026),Pro forma APIC adjustment (3/31/26),Settlement of related party balances,3,236,usd_m,Form10A_2026-05-27,338
5,Separation: contribution of Spin Business to MBGL; cash consideration to S&P Global (2026),Pro forma APIC adjustment (3/31/26),Liabilities retained by S&P Global,4,8,usd_m,Form10A_2026-05-27,338
5,Separation: contribution of Spin Business to MBGL; cash consideration to S&P Global (2026),Pro forma APIC adjustment (3/31/26),Common stock issuance,5,-3,usd_m,Form10A_2026-05-27,338
5,Separation: contribution of Spin Business to MBGL; cash consideration to S&P Global (2026),Pro forma APIC adjustment (3/31/26),Parent Company investment reclassification,6,11586,usd_m,Form10A_2026-05-27,338
5,Separation: contribution of Spin Business to MBGL; cash consideration to S&P Global (2026),Pro forma APIC adjustment (3/31/26),Total pro forma adjustment to Additional paid-in capital,7,9927,usd_m,Form10A_2026-05-27,338
5,Separation: contribution of Spin Business to MBGL; cash consideration to S&P Global (2026),Consideration (actual),"Dividend paid to S&P Global as consideration for transfer of certain assets, liabilities and entities (Q2-2026)",8,2000,usd_m,10Q_Q2-2026,12
5,Separation: contribution of Spin Business to MBGL; cash consideration to S&P Global (2026),Consideration (actual),Senior notes principal issued 2026-05-29 (funding source),9,2000,usd_m,10Q_Q2-2026,11
5,Separation: contribution of Spin Business to MBGL; cash consideration to S&P Global (2026),Consideration (actual),Canada Carfax Loan contributed by S&P Global to MBGL subsidiary (eliminated in consolidation),10,2026-06-25,text,10Q_Q2-2026,17
6,"Context: combined goodwill and acquired intangibles (Note 3; legacy of IHS/IHS Markit/S&P acquisitions incl. Polk 2013, CARFAX, CARPROOF, aM, Market Scan - not deal-specific)",Goodwill by segment 2023-12-31,CARFAX,1,5912,usd_m,Form10A_2026-05-27,454
6,"Context: combined goodwill and acquired intangibles (Note 3; legacy of IHS/IHS Markit/S&P acquisitions incl. Polk 2013, CARFAX, CARPROOF, aM, Market Scan - not deal-specific)",Goodwill by segment 2023-12-31,B2B,2,2933,usd_m,Form10A_2026-05-27,454
6,"Context: combined goodwill and acquired intangibles (Note 3; legacy of IHS/IHS Markit/S&P acquisitions incl. Polk 2013, CARFAX, CARPROOF, aM, Market Scan - not deal-specific)",Goodwill by segment 2023-12-31,Total,3,8845,usd_m,Form10A_2026-05-27,454
6,"Context: combined goodwill and acquired intangibles (Note 3; legacy of IHS/IHS Markit/S&P acquisitions incl. Polk 2013, CARFAX, CARPROOF, aM, Market Scan - not deal-specific)",Goodwill by segment 2024-12-31,CARFAX,4,5912,usd_m,Form10A_2026-05-27,454
6,"Context: combined goodwill and acquired intangibles (Note 3; legacy of IHS/IHS Markit/S&P acquisitions incl. Polk 2013, CARFAX, CARPROOF, aM, Market Scan - not deal-specific)",Goodwill by segment 2024-12-31,B2B,5,2933,usd_m,Form10A_2026-05-27,454
6,"Context: combined goodwill and acquired intangibles (Note 3; legacy of IHS/IHS Markit/S&P acquisitions incl. Polk 2013, CARFAX, CARPROOF, aM, Market Scan - not deal-specific)",Goodwill by segment 2024-12-31,Total,6,8845,usd_m,Form10A_2026-05-27,454
6,"Context: combined goodwill and acquired intangibles (Note 3; legacy of IHS/IHS Markit/S&P acquisitions incl. Polk 2013, CARFAX, CARPROOF, aM, Market Scan - not deal-specific)",Goodwill by segment 2025-12-31,CARFAX,7,5912,usd_m,Form10A_2026-05-27,454
6,"Context: combined goodwill and acquired intangibles (Note 3; legacy of IHS/IHS Markit/S&P acquisitions incl. Polk 2013, CARFAX, CARPROOF, aM, Market Scan - not deal-specific)",Goodwill by segment 2025-12-31,B2B,8,2933,usd_m,Form10A_2026-05-27,454
6,"Context: combined goodwill and acquired intangibles (Note 3; legacy of IHS/IHS Markit/S&P acquisitions incl. Polk 2013, CARFAX, CARPROOF, aM, Market Scan - not deal-specific)",Goodwill by segment 2025-12-31,Total,9,8845,usd_m,Form10A_2026-05-27,454
6,"Context: combined goodwill and acquired intangibles (Note 3; legacy of IHS/IHS Markit/S&P acquisitions incl. Polk 2013, CARFAX, CARPROOF, aM, Market Scan - not deal-specific)","Intangibles cost (12/31/23, 12/31/24, 12/31/25 identical)",Databases and software,10,1077,usd_m,Form10A_2026-05-27,454
6,"Context: combined goodwill and acquired intangibles (Note 3; legacy of IHS/IHS Markit/S&P acquisitions incl. Polk 2013, CARFAX, CARPROOF, aM, Market Scan - not deal-specific)","Intangibles cost (12/31/23, 12/31/24, 12/31/25 identical)",Customer relationships,11,2753,usd_m,Form10A_2026-05-27,454
6,"Context: combined goodwill and acquired intangibles (Note 3; legacy of IHS/IHS Markit/S&P acquisitions incl. Polk 2013, CARFAX, CARPROOF, aM, Market Scan - not deal-specific)","Intangibles cost (12/31/23, 12/31/24, 12/31/25 identical)",Trade names,12,1087,usd_m,Form10A_2026-05-27,454
6,"Context: combined goodwill and acquired intangibles (Note 3; legacy of IHS/IHS Markit/S&P acquisitions incl. Polk 2013, CARFAX, CARPROOF, aM, Market Scan - not deal-specific)","Intangibles cost (12/31/23, 12/31/24, 12/31/25 identical)",Total,13,4917,usd_m,Form10A_2026-05-27,454
6,"Context: combined goodwill and acquired intangibles (Note 3; legacy of IHS/IHS Markit/S&P acquisitions incl. Polk 2013, CARFAX, CARPROOF, aM, Market Scan - not deal-specific)",Accumulated amortization 2023-12-31,Databases and software,14,181,usd_m,Form10A_2026-05-27,454
6,"Context: combined goodwill and acquired intangibles (Note 3; legacy of IHS/IHS Markit/S&P acquisitions incl. Polk 2013, CARFAX, CARPROOF, aM, Market Scan - not deal-specific)",Accumulated amortization 2023-12-31,Customer relationships,15,199,usd_m,Form10A_2026-05-27,454
6,"Context: combined goodwill and acquired intangibles (Note 3; legacy of IHS/IHS Markit/S&P acquisitions incl. Polk 2013, CARFAX, CARPROOF, aM, Market Scan - not deal-specific)",Accumulated amortization 2023-12-31,Trade names,16,156,usd_m,Form10A_2026-05-27,454
6,"Context: combined goodwill and acquired intangibles (Note 3; legacy of IHS/IHS Markit/S&P acquisitions incl. Polk 2013, CARFAX, CARPROOF, aM, Market Scan - not deal-specific)",Accumulated amortization 2023-12-31,Total,17,536,usd_m,Form10A_2026-05-27,454
6,"Context: combined goodwill and acquired intangibles (Note 3; legacy of IHS/IHS Markit/S&P acquisitions incl. Polk 2013, CARFAX, CARPROOF, aM, Market Scan - not deal-specific)",Amortization FY2024,Databases and software,18,99,usd_m,Form10A_2026-05-27,454
6,"Context: combined goodwill and acquired intangibles (Note 3; legacy of IHS/IHS Markit/S&P acquisitions incl. Polk 2013, CARFAX, CARPROOF, aM, Market Scan - not deal-specific)",Amortization FY2024,Customer relationships,19,111,usd_m,Form10A_2026-05-27,454
6,"Context: combined goodwill and acquired intangibles (Note 3; legacy of IHS/IHS Markit/S&P acquisitions incl. Polk 2013, CARFAX, CARPROOF, aM, Market Scan - not deal-specific)",Amortization FY2024,Trade names,20,86,usd_m,Form10A_2026-05-27,454
6,"Context: combined goodwill and acquired intangibles (Note 3; legacy of IHS/IHS Markit/S&P acquisitions incl. Polk 2013, CARFAX, CARPROOF, aM, Market Scan - not deal-specific)",Amortization FY2024,Total,21,296,usd_m,Form10A_2026-05-27,454
6,"Context: combined goodwill and acquired intangibles (Note 3; legacy of IHS/IHS Markit/S&P acquisitions incl. Polk 2013, CARFAX, CARPROOF, aM, Market Scan - not deal-specific)",Accumulated amortization 2024-12-31,Databases and software,22,280,usd_m,Form10A_2026-05-27,454
6,"Context: combined goodwill and acquired intangibles (Note 3; legacy of IHS/IHS Markit/S&P acquisitions incl. Polk 2013, CARFAX, CARPROOF, aM, Market Scan - not deal-specific)",Accumulated amortization 2024-12-31,Customer relationships,23,310,usd_m,Form10A_2026-05-27,454
6,"Context: combined goodwill and acquired intangibles (Note 3; legacy of IHS/IHS Markit/S&P acquisitions incl. Polk 2013, CARFAX, CARPROOF, aM, Market Scan - not deal-specific)",Accumulated amortization 2024-12-31,Trade names,24,242,usd_m,Form10A_2026-05-27,454
6,"Context: combined goodwill and acquired intangibles (Note 3; legacy of IHS/IHS Markit/S&P acquisitions incl. Polk 2013, CARFAX, CARPROOF, aM, Market Scan - not deal-specific)",Accumulated amortization 2024-12-31,Total,25,832,usd_m,Form10A_2026-05-27,454
6,"Context: combined goodwill and acquired intangibles (Note 3; legacy of IHS/IHS Markit/S&P acquisitions incl. Polk 2013, CARFAX, CARPROOF, aM, Market Scan - not deal-specific)",Amortization FY2025,Databases and software,26,99,usd_m,Form10A_2026-05-27,454
6,"Context: combined goodwill and acquired intangibles (Note 3; legacy of IHS/IHS Markit/S&P acquisitions incl. Polk 2013, CARFAX, CARPROOF, aM, Market Scan - not deal-specific)",Amortization FY2025,Customer relationships,27,111,usd_m,Form10A_2026-05-27,454
6,"Context: combined goodwill and acquired intangibles (Note 3; legacy of IHS/IHS Markit/S&P acquisitions incl. Polk 2013, CARFAX, CARPROOF, aM, Market Scan - not deal-specific)",Amortization FY2025,Trade names,28,86,usd_m,Form10A_2026-05-27,454
6,"Context: combined goodwill and acquired intangibles (Note 3; legacy of IHS/IHS Markit/S&P acquisitions incl. Polk 2013, CARFAX, CARPROOF, aM, Market Scan - not deal-specific)",Amortization FY2025,Total,29,296,usd_m,Form10A_2026-05-27,454
6,"Context: combined goodwill and acquired intangibles (Note 3; legacy of IHS/IHS Markit/S&P acquisitions incl. Polk 2013, CARFAX, CARPROOF, aM, Market Scan - not deal-specific)",Accumulated amortization 2025-12-31,Databases and software,30,379,usd_m,Form10A_2026-05-27,454
6,"Context: combined goodwill and acquired intangibles (Note 3; legacy of IHS/IHS Markit/S&P acquisitions incl. Polk 2013, CARFAX, CARPROOF, aM, Market Scan - not deal-specific)",Accumulated amortization 2025-12-31,Customer relationships,31,421,usd_m,Form10A_2026-05-27,454
6,"Context: combined goodwill and acquired intangibles (Note 3; legacy of IHS/IHS Markit/S&P acquisitions incl. Polk 2013, CARFAX, CARPROOF, aM, Market Scan - not deal-specific)",Accumulated amortization 2025-12-31,Trade names,32,328,usd_m,Form10A_2026-05-27,454
6,"Context: combined goodwill and acquired intangibles (Note 3; legacy of IHS/IHS Markit/S&P acquisitions incl. Polk 2013, CARFAX, CARPROOF, aM, Market Scan - not deal-specific)",Accumulated amortization 2025-12-31,Total,33,1128,usd_m,Form10A_2026-05-27,454
6,"Context: combined goodwill and acquired intangibles (Note 3; legacy of IHS/IHS Markit/S&P acquisitions incl. Polk 2013, CARFAX, CARPROOF, aM, Market Scan - not deal-specific)",Net intangibles 2024-12-31,Databases and software,34,797,usd_m,Form10A_2026-05-27,454
6,"Context: combined goodwill and acquired intangibles (Note 3; legacy of IHS/IHS Markit/S&P acquisitions incl. Polk 2013, CARFAX, CARPROOF, aM, Market Scan - not deal-specific)",Net intangibles 2024-12-31,Customer relationships,35,2443,usd_m,Form10A_2026-05-27,454
6,"Context: combined goodwill and acquired intangibles (Note 3; legacy of IHS/IHS Markit/S&P acquisitions incl. Polk 2013, CARFAX, CARPROOF, aM, Market Scan - not deal-specific)",Net intangibles 2024-12-31,Trade names,36,845,usd_m,Form10A_2026-05-27,454
6,"Context: combined goodwill and acquired intangibles (Note 3; legacy of IHS/IHS Markit/S&P acquisitions incl. Polk 2013, CARFAX, CARPROOF, aM, Market Scan - not deal-specific)",Net intangibles 2024-12-31,Total,37,4085,usd_m,Form10A_2026-05-27,454
6,"Context: combined goodwill and acquired intangibles (Note 3; legacy of IHS/IHS Markit/S&P acquisitions incl. Polk 2013, CARFAX, CARPROOF, aM, Market Scan - not deal-specific)",Net intangibles 2025-12-31,Databases and software,38,698,usd_m,Form10A_2026-05-27,454
6,"Context: combined goodwill and acquired intangibles (Note 3; legacy of IHS/IHS Markit/S&P acquisitions incl. Polk 2013, CARFAX, CARPROOF, aM, Market Scan - not deal-specific)",Net intangibles 2025-12-31,Customer relationships,39,2332,usd_m,Form10A_2026-05-27,454
6,"Context: combined goodwill and acquired intangibles (Note 3; legacy of IHS/IHS Markit/S&P acquisitions incl. Polk 2013, CARFAX, CARPROOF, aM, Market Scan - not deal-specific)",Net intangibles 2025-12-31,Trade names,40,759,usd_m,Form10A_2026-05-27,454
6,"Context: combined goodwill and acquired intangibles (Note 3; legacy of IHS/IHS Markit/S&P acquisitions incl. Polk 2013, CARFAX, CARPROOF, aM, Market Scan - not deal-specific)",Net intangibles 2025-12-31,Total,41,3789,usd_m,Form10A_2026-05-27,454
6,"Context: combined goodwill and acquired intangibles (Note 3; legacy of IHS/IHS Markit/S&P acquisitions incl. Polk 2013, CARFAX, CARPROOF, aM, Market Scan - not deal-specific)",Amortization expense,FY2025,42,296,usd_m,Form10A_2026-05-27,454
6,"Context: combined goodwill and acquired intangibles (Note 3; legacy of IHS/IHS Markit/S&P acquisitions incl. Polk 2013, CARFAX, CARPROOF, aM, Market Scan - not deal-specific)",Amortization expense,FY2024,43,296,usd_m,Form10A_2026-05-27,454
6,"Context: combined goodwill and acquired intangibles (Note 3; legacy of IHS/IHS Markit/S&P acquisitions incl. Polk 2013, CARFAX, CARPROOF, aM, Market Scan - not deal-specific)",Amortization expense,FY2023,44,295,usd_m,Form10A_2026-05-27,454
6,"Context: combined goodwill and acquired intangibles (Note 3; legacy of IHS/IHS Markit/S&P acquisitions incl. Polk 2013, CARFAX, CARPROOF, aM, Market Scan - not deal-specific)",Expected amortization expense,2026,45,296,usd_m,Form10A_2026-05-27,454
6,"Context: combined goodwill and acquired intangibles (Note 3; legacy of IHS/IHS Markit/S&P acquisitions incl. Polk 2013, CARFAX, CARPROOF, aM, Market Scan - not deal-specific)",Expected amortization expense,2027,46,296,usd_m,Form10A_2026-05-27,454
6,"Context: combined goodwill and acquired intangibles (Note 3; legacy of IHS/IHS Markit/S&P acquisitions incl. Polk 2013, CARFAX, CARPROOF, aM, Market Scan - not deal-specific)",Expected amortization expense,2028,47,296,usd_m,Form10A_2026-05-27,454
6,"Context: combined goodwill and acquired intangibles (Note 3; legacy of IHS/IHS Markit/S&P acquisitions incl. Polk 2013, CARFAX, CARPROOF, aM, Market Scan - not deal-specific)",Expected amortization expense,2029,48,296,usd_m,Form10A_2026-05-27,454
6,"Context: combined goodwill and acquired intangibles (Note 3; legacy of IHS/IHS Markit/S&P acquisitions incl. Polk 2013, CARFAX, CARPROOF, aM, Market Scan - not deal-specific)",Expected amortization expense,2030,49,293,usd_m,Form10A_2026-05-27,454
6,"Context: combined goodwill and acquired intangibles (Note 3; legacy of IHS/IHS Markit/S&P acquisitions incl. Polk 2013, CARFAX, CARPROOF, aM, Market Scan - not deal-specific)",Goodwill share of total assets,2025-12-31,50,68,pct,Form10A_2026-05-27,367
6,"Context: combined goodwill and acquired intangibles (Note 3; legacy of IHS/IHS Markit/S&P acquisitions incl. Polk 2013, CARFAX, CARPROOF, aM, Market Scan - not deal-specific)",Goodwill share of total assets,2024-12-31,51,67,pct,Form10A_2026-05-27,367
