source_doc,page,statement,fiscal_period,period_end,section,line_item,value,unit,is_subtotal,order_index
Form10A_2026-05-27,430,NOTE_PENSION,Q1-2026,2026-03-31,Defined Contribution Plan,401(k) plan expense for Mobility employees,8,usd_m,0,1
Form10A_2026-05-27,430,NOTE_PENSION,Q1-2025,2025-03-31,Defined Contribution Plan,401(k) plan expense for Mobility employees,7,usd_m,0,1
Form10A_2026-05-27,430,NOTE_EQUITY,Q1-2026,2026-03-31,Stock-Based Compensation,total stock-based compensation expense related to restricted stock and other stock-based awards for the dedicated Mobility employees,4,usd_m,0,1
Form10A_2026-05-27,430,NOTE_EQUITY,Q1-2025,2025-03-31,Stock-Based Compensation,total stock-based compensation expense related to restricted stock and other stock-based awards for the dedicated Mobility employees,5,usd_m,0,1
Form10A_2026-05-27,430,NOTE_EQUITY,Q1-2026,2026-03-31,Stock-Based Compensation,S&P Global granted shares of restricted stock and other stock-based awards to dedicated Mobility employees,0.1,shares_m,0,2
Form10A_2026-05-27,430,NOTE_EQUITY,Q1-2026,2026-03-31,Stock-Based Compensation,weighted-average grant-date fair value per share,441.68,usd_per_share,0,3
Form10A_2026-05-27,430,NOTE_EQUITY,Q1-2026,2026-03-31,Stock-Based Compensation,Total unrecognized compensation expense related to unvested equity awards,44,usd_m,0,4
Form10A_2026-05-27,430,NOTE_EQUITY,Q1-2026,2026-03-31,Stock-Based Compensation,weighted average period to recognize unrecognized compensation (years),1.63,count,0,5
Form10A_2026-05-27,433,NOTE_LEASES,Q1-2026,2026-03-31,Lease balance sheet,Lease right-of-use assets,23,usd_m,0,1
Form10A_2026-05-27,433,NOTE_LEASES,Q1-2026,2026-03-31,Lease balance sheet,Current lease liabilities,6,usd_m,0,2
Form10A_2026-05-27,433,NOTE_LEASES,Q1-2026,2026-03-31,Lease balance sheet,Non-current lease liabilities,19,usd_m,0,3
Form10A_2026-05-27,433,NOTE_LEASES,Q1-2026,2026-03-31,Lease expense,Lease expense for our operating leases,2,usd_m,0,4
Form10A_2026-05-27,433,NOTE_LEASES,Q1-2025,2025-03-31,Lease expense,Lease expense for our operating leases,2,usd_m,0,4
Form10A_2026-05-27,433,NOTE_LEASES,Q1-2026,2026-03-31,Supplemental,Operating cash flows for operating leases,2,usd_m,0,5
Form10A_2026-05-27,433,NOTE_LEASES,Q1-2025,2025-03-31,Supplemental,Operating cash flows for operating leases,2,usd_m,0,5
Form10A_2026-05-27,433,NOTE_LEASES,Q1-2026,2026-03-31,Supplemental,Right of use assets obtained in exchange for lease obligations - Operating leases,9,usd_m,0,6
Form10A_2026-05-27,434,NOTE_LEASES,Q1-2026,2026-03-31,Lease terms,Weighted-average remaining lease term (years),5.6,count,0,7
Form10A_2026-05-27,434,NOTE_LEASES,Q1-2026,2026-03-31,Lease terms,Weighted-average discount rate,3.71,pct,0,8
Form10A_2026-05-27,434,NOTE_LEASES,Q1-2026,2026-03-31,Maturities,2026 (Excluding the three months ended March 31 2026),6,usd_m,0,9
Form10A_2026-05-27,434,NOTE_LEASES,Q1-2026,2026-03-31,Maturities,2027,4,usd_m,0,10
Form10A_2026-05-27,434,NOTE_LEASES,Q1-2026,2026-03-31,Maturities,2028,3,usd_m,0,11
Form10A_2026-05-27,434,NOTE_LEASES,Q1-2026,2026-03-31,Maturities,2029,3,usd_m,0,12
Form10A_2026-05-27,434,NOTE_LEASES,Q1-2026,2026-03-31,Maturities,2030,3,usd_m,0,13
Form10A_2026-05-27,434,NOTE_LEASES,Q1-2026,2026-03-31,Maturities,2031 and beyond,9,usd_m,0,14
Form10A_2026-05-27,434,NOTE_LEASES,Q1-2026,2026-03-31,Maturities,Total undiscounted lease payments,28,usd_m,1,15
Form10A_2026-05-27,434,NOTE_LEASES,Q1-2026,2026-03-31,Maturities,Less: Imputed interest,3,usd_m,0,16
Form10A_2026-05-27,434,NOTE_LEASES,Q1-2026,2026-03-31,Maturities,Present value of lease liabilities,25,usd_m,1,17
Form10A_2026-05-27,434,NOTE_LEASES,Q1-2026,2026-03-31,Not yet commenced,lease agreements not yet commenced - total estimated future lease payments (2026 through 2037),74,usd_m,0,18
Form10A_2026-05-27,434,NOTE_RELATED,Q1-2026,2026-03-31,Related party summary,Data sharing revenues,1,usd_m,0,1
Form10A_2026-05-27,434,NOTE_RELATED,Q1-2025,2025-03-31,Related party summary,Data sharing revenues,1,usd_m,0,1
Form10A_2026-05-27,434,NOTE_RELATED,Q1-2026,2026-03-31,Related party summary,Corporate allocations from Parent (2),28,usd_m,0,3
Form10A_2026-05-27,434,NOTE_RELATED,Q1-2025,2025-03-31,Related party summary,Corporate allocations from Parent (2),22,usd_m,0,3
Form10A_2026-05-27,434,NOTE_RELATED,Q1-2026,2026-03-31,Related party summary,Total expenses,28,usd_m,1,4
Form10A_2026-05-27,434,NOTE_RELATED,Q1-2025,2025-03-31,Related party summary,Total expenses,22,usd_m,1,4
Form10A_2026-05-27,434,NOTE_RELATED,Q1-2026,2026-03-31,Related party summary,Related party loan interest expense net,3,usd_m,0,5
Form10A_2026-05-27,434,NOTE_RELATED,Q1-2025,2025-03-31,Related party summary,Related party loan interest expense net,4,usd_m,0,5
Form10A_2026-05-27,435,NOTE_RELATED,Q1-2026,2026-03-31,Stand-up costs,transaction costs related to the stand-up of Mobility as a standalone entity,21,usd_m,0,6
Form10A_2026-05-27,435,NOTE_RELATED,Q1-2026,2026-03-31,Stand-up costs,of which allocated to the Company from S&P Global (approximately),7,usd_m,0,7
Form10A_2026-05-27,435,NOTE_DEBT,Q1-2026,2026-03-31,Canada Carfax Loan (related party; IHS Canada; dated 2018-10-01; matures 2027-10-05),principal amount at origination (CAD millions; printed CAD $403 million),403,text,0,1
Form10A_2026-05-27,435,NOTE_DEBT,Q1-2026,2026-03-31,Canada Carfax Loan,interest rate per annum,6.0,pct,0,2
Form10A_2026-05-27,435,NOTE_DEBT,Q1-2026,2026-03-31,Canada Carfax Loan,outstanding loan balance payable to S&P Global inclusive of accrued interest (Due to related parties - non-current),227,usd_m,0,3
Form10A_2026-05-27,435,NOTE_DEBT,FY2025,2025-12-31,Canada Carfax Loan,outstanding loan balance payable to S&P Global inclusive of accrued interest (Due to related parties - non-current),230,usd_m,0,3
Form10A_2026-05-27,435,NOTE_DEBT,Q1-2026,2026-03-31,Canada Carfax Loan,related party interest expense,3,usd_m,0,4
Form10A_2026-05-27,435,NOTE_DEBT,Q1-2025,2025-03-31,Canada Carfax Loan,related party interest expense,4,usd_m,0,4
Form10A_2026-05-27,435,NOTE_DEBT,Q1-2026,2026-03-31,Canada Carfax Loan,voluntary prepayments on principal,0,usd_m,0,5
Form10A_2026-05-27,435,NOTE_DEBT,Q1-2025,2025-03-31,Canada Carfax Loan,voluntary prepayments on principal,10,usd_m,0,5
Form10A_2026-05-27,435,NOTE_DEBT,Q1-2026,2026-03-31,Canada Carfax Loan,payments of interest,3,usd_m,0,6
Form10A_2026-05-27,435,NOTE_DEBT,Q1-2025,2025-03-31,Canada Carfax Loan,payments of interest,3,usd_m,0,6
Form10A_2026-05-27,436,NOTE_DEBT,Q1-2026,2026-03-31,Europe Carfax Loan (receivable from IHS Holdings; matured 2026-02-14; 6M LIBOR+0.5%),maximum aggregate principal (EUR millions; printed EUR 10 million),10,text,0,7
Form10A_2026-05-27,436,NOTE_EQUITY,Q1-2026,2026-03-31,Parent company investment components,Cash pooling and general financing activities,-30,usd_m,0,10
Form10A_2026-05-27,436,NOTE_EQUITY,Q1-2025,2025-03-31,Parent company investment components,Cash pooling and general financing activities,-112,usd_m,0,10
Form10A_2026-05-27,436,NOTE_EQUITY,Q1-2026,2026-03-31,Parent company investment components,Unbilled corporate allocations,27,usd_m,0,11
Form10A_2026-05-27,436,NOTE_EQUITY,Q1-2025,2025-03-31,Parent company investment components,Unbilled corporate allocations,21,usd_m,0,11
Form10A_2026-05-27,436,NOTE_EQUITY,Q1-2026,2026-03-31,Parent company investment components,Stock-based compensation,4,usd_m,0,12
Form10A_2026-05-27,436,NOTE_EQUITY,Q1-2025,2025-03-31,Parent company investment components,Stock-based compensation,5,usd_m,0,12
Form10A_2026-05-27,436,NOTE_EQUITY,Q1-2026,2026-03-31,Parent company investment components,Assumed income tax payments,41,usd_m,0,13
Form10A_2026-05-27,436,NOTE_EQUITY,Q1-2025,2025-03-31,Parent company investment components,Assumed income tax payments,42,usd_m,0,13
Form10A_2026-05-27,436,NOTE_EQUITY,Q1-2026,2026-03-31,Parent company investment components,Net increase (decrease) in Parent company investment,42,usd_m,1,14
Form10A_2026-05-27,436,NOTE_EQUITY,Q1-2025,2025-03-31,Parent company investment components,Net increase (decrease) in Parent company investment,-44,usd_m,1,14
Form10A_2026-05-27,437,NOTE_DEBT,Q1-2026,2026-03-31,Subsequent event,revolving credit facility entered 2026-05-06 (the Credit Facility),500,usd_m,0,8
Form10A_2026-05-27,447,NOTE_DEFREV,FY2025,2025-12-31,Unearned Revenue,revenues recognized that were included in the unearned revenue balance at the beginning of the period,73,usd_m,0,1
Form10A_2026-05-27,447,NOTE_DEFREV,FY2025,2025-12-31,Remaining Performance Obligations,aggregate transaction price allocated to remaining performance obligations (majority over next 12 months),78,usd_m,0,2
Form10A_2026-05-27,442,NOTE_DEFREV,FY2025,2025-12-31,Balance sheet,Unearned revenue,78,usd_m,0,3
Form10A_2026-05-27,442,NOTE_DEFREV,FY2024,2024-12-31,Balance sheet,Unearned revenue,75,usd_m,0,3
Form10A_2026-05-27,441,NOTE_OCI,FY2025,2025-12-31,OCI,Foreign currency translation adjustments,-7,usd_m,0,1
Form10A_2026-05-27,441,NOTE_OCI,FY2024,2024-12-31,OCI,Foreign currency translation adjustments,18,usd_m,0,1
Form10A_2026-05-27,441,NOTE_OCI,FY2023,2023-12-31,OCI,Foreign currency translation adjustments,-6,usd_m,0,1
Form10A_2026-05-27,444,NOTE_OCI,FY2022,2022-12-31,AOCI balance,Accumulated Other Comprehensive Income (Loss) balance as of January 1 2023,-9,usd_m,1,2
Form10A_2026-05-27,444,NOTE_OCI,FY2023,2023-12-31,AOCI balance,Accumulated Other Comprehensive Income (Loss) balance,-15,usd_m,1,2
Form10A_2026-05-27,444,NOTE_OCI,FY2024,2024-12-31,AOCI balance,Accumulated Other Comprehensive Income (Loss) balance,3,usd_m,1,2
Form10A_2026-05-27,444,NOTE_OCI,FY2025,2025-12-31,AOCI balance,Accumulated Other Comprehensive Income (Loss) balance,-4,usd_m,1,2
Form10A_2026-05-27,444,NOTE_EQUITY,FY2022,2022-12-31,Parent company investment roll-forward,Parent Company Investment balance as of January 1 2023,11791,usd_m,1,1
Form10A_2026-05-27,444,NOTE_EQUITY,FY2023,2023-12-31,Parent company investment roll-forward,Comprehensive income net of tax (net income),163,usd_m,0,2
Form10A_2026-05-27,444,NOTE_EQUITY,FY2023,2023-12-31,Parent company investment roll-forward,Net decrease in Parent company investment,-137,usd_m,0,3
Form10A_2026-05-27,444,NOTE_EQUITY,FY2023,2023-12-31,Parent company investment roll-forward,Parent Company Investment balance,11817,usd_m,1,4
Form10A_2026-05-27,444,NOTE_EQUITY,FY2024,2024-12-31,Parent company investment roll-forward,Comprehensive income net of tax (net income),208,usd_m,0,2
Form10A_2026-05-27,444,NOTE_EQUITY,FY2024,2024-12-31,Parent company investment roll-forward,Net decrease in Parent company investment,-345,usd_m,0,3
Form10A_2026-05-27,444,NOTE_EQUITY,FY2024,2024-12-31,Parent company investment roll-forward,Parent Company Investment balance,11680,usd_m,1,4
Form10A_2026-05-27,444,NOTE_EQUITY,FY2025,2025-12-31,Parent company investment roll-forward,Comprehensive income net of tax (net income),220,usd_m,0,2
Form10A_2026-05-27,444,NOTE_EQUITY,FY2025,2025-12-31,Parent company investment roll-forward,Net decrease in Parent company investment,-411,usd_m,0,3
Form10A_2026-05-27,444,NOTE_EQUITY,FY2025,2025-12-31,Parent company investment roll-forward,Parent Company Investment balance,11489,usd_m,1,4
Form10A_2026-05-27,452,NOTE_GOODWILL_INTANG,FY2023,2023-02-16,Market Scan acquisition,total purchase consideration,223,usd_m,1,50
Form10A_2026-05-27,452,NOTE_GOODWILL_INTANG,FY2023,2023-02-16,Market Scan acquisition,cash consideration,214,usd_m,0,51
Form10A_2026-05-27,452,NOTE_GOODWILL_INTANG,FY2023,2023-02-16,Market Scan acquisition,contingent consideration liability,9,usd_m,0,52
Form10A_2026-05-27,453,NOTE_GOODWILL_INTANG,FY2023,2023-02-16,Market Scan PPA,Current assets,4,usd_m,0,53
Form10A_2026-05-27,453,NOTE_GOODWILL_INTANG,FY2023,2023-02-16,Market Scan PPA,Property and equipment,1,usd_m,0,54
Form10A_2026-05-27,453,NOTE_GOODWILL_INTANG,FY2023,2023-02-16,Market Scan PPA,Right of use assets,1,usd_m,0,55
Form10A_2026-05-27,453,NOTE_GOODWILL_INTANG,FY2023,2023-02-16,Market Scan PPA,Goodwill,150,usd_m,0,56
Form10A_2026-05-27,453,NOTE_GOODWILL_INTANG,FY2023,2023-02-16,Market Scan PPA,Other intangible assets,97,usd_m,0,57
Form10A_2026-05-27,453,NOTE_GOODWILL_INTANG,FY2023,2023-02-16,Market Scan PPA,Total assets acquired,253,usd_m,1,58
Form10A_2026-05-27,453,NOTE_GOODWILL_INTANG,FY2023,2023-02-16,Market Scan PPA,Accounts payable,2,usd_m,0,59
Form10A_2026-05-27,453,NOTE_GOODWILL_INTANG,FY2023,2023-02-16,Market Scan PPA,Unearned revenue,22,usd_m,0,60
Form10A_2026-05-27,453,NOTE_GOODWILL_INTANG,FY2023,2023-02-16,Market Scan PPA,Lease liabilities - non-current,1,usd_m,0,61
Form10A_2026-05-27,453,NOTE_GOODWILL_INTANG,FY2023,2023-02-16,Market Scan PPA,Deferred tax liability - non-current,25,usd_m,0,62
Form10A_2026-05-27,453,NOTE_GOODWILL_INTANG,FY2023,2023-02-16,Market Scan PPA,Other non-current liabilities,9,usd_m,0,63
Form10A_2026-05-27,453,NOTE_GOODWILL_INTANG,FY2023,2023-02-16,Market Scan PPA,Total liabilities assumed,39,usd_m,1,64
Form10A_2026-05-27,453,NOTE_GOODWILL_INTANG,FY2023,2023-02-16,Market Scan PPA,Net assets acquired,214,usd_m,1,65
Form10A_2026-05-27,453,NOTE_GOODWILL_INTANG,FY2023,2023-02-16,Market Scan intangibles,Databases and software - fair value (8 years),10,usd_m,0,66
Form10A_2026-05-27,453,NOTE_GOODWILL_INTANG,FY2023,2023-02-16,Market Scan intangibles,Customer relationships - fair value (20 years),81,usd_m,0,67
Form10A_2026-05-27,453,NOTE_GOODWILL_INTANG,FY2023,2023-02-16,Market Scan intangibles,Trade names - fair value (7 years),6,usd_m,0,68
Form10A_2026-05-27,453,NOTE_GOODWILL_INTANG,FY2023,2023-02-16,Market Scan intangibles,Total Identifiable Intangible Assets (18 years weighted average),97,usd_m,1,69
Form10A_2026-05-27,454,NOTE_GOODWILL_INTANG,FY2023,2023-12-31,Goodwill by segment,CARFAX,5912,usd_m,0,1
Form10A_2026-05-27,454,NOTE_GOODWILL_INTANG,FY2023,2023-12-31,Goodwill by segment,B2B,2933,usd_m,0,2
Form10A_2026-05-27,454,NOTE_GOODWILL_INTANG,FY2023,2023-12-31,Goodwill by segment,Total,8845,usd_m,1,3
Form10A_2026-05-27,454,NOTE_GOODWILL_INTANG,FY2024,2024-12-31,Goodwill by segment,CARFAX,5912,usd_m,0,1
Form10A_2026-05-27,454,NOTE_GOODWILL_INTANG,FY2024,2024-12-31,Goodwill by segment,B2B,2933,usd_m,0,2
Form10A_2026-05-27,454,NOTE_GOODWILL_INTANG,FY2024,2024-12-31,Goodwill by segment,Total,8845,usd_m,1,3
Form10A_2026-05-27,454,NOTE_GOODWILL_INTANG,FY2025,2025-12-31,Goodwill by segment,CARFAX,5912,usd_m,0,1
Form10A_2026-05-27,454,NOTE_GOODWILL_INTANG,FY2025,2025-12-31,Goodwill by segment,B2B,2933,usd_m,0,2
Form10A_2026-05-27,454,NOTE_GOODWILL_INTANG,FY2025,2025-12-31,Goodwill by segment,Total,8845,usd_m,1,3
Form10A_2026-05-27,454,NOTE_GOODWILL_INTANG,FY2023,2023-12-31,Intangibles - Cost,Databases and software,1077,usd_m,0,10
Form10A_2026-05-27,454,NOTE_GOODWILL_INTANG,FY2023,2023-12-31,Intangibles - Cost,Customer relationships,2753,usd_m,0,11
Form10A_2026-05-27,454,NOTE_GOODWILL_INTANG,FY2023,2023-12-31,Intangibles - Cost,Trade names,1087,usd_m,0,12
Form10A_2026-05-27,454,NOTE_GOODWILL_INTANG,FY2023,2023-12-31,Intangibles - Cost,Total,4917,usd_m,1,13
Form10A_2026-05-27,454,NOTE_GOODWILL_INTANG,FY2024,2024-12-31,Intangibles - Cost,Databases and software,1077,usd_m,0,10
Form10A_2026-05-27,454,NOTE_GOODWILL_INTANG,FY2024,2024-12-31,Intangibles - Cost,Customer relationships,2753,usd_m,0,11
Form10A_2026-05-27,454,NOTE_GOODWILL_INTANG,FY2024,2024-12-31,Intangibles - Cost,Trade names,1087,usd_m,0,12
Form10A_2026-05-27,454,NOTE_GOODWILL_INTANG,FY2024,2024-12-31,Intangibles - Cost,Total,4917,usd_m,1,13
Form10A_2026-05-27,454,NOTE_GOODWILL_INTANG,FY2025,2025-12-31,Intangibles - Cost,Databases and software,1077,usd_m,0,10
Form10A_2026-05-27,454,NOTE_GOODWILL_INTANG,FY2025,2025-12-31,Intangibles - Cost,Customer relationships,2753,usd_m,0,11
Form10A_2026-05-27,454,NOTE_GOODWILL_INTANG,FY2025,2025-12-31,Intangibles - Cost,Trade names,1087,usd_m,0,12
Form10A_2026-05-27,454,NOTE_GOODWILL_INTANG,FY2025,2025-12-31,Intangibles - Cost,Total,4917,usd_m,1,13
Form10A_2026-05-27,454,NOTE_GOODWILL_INTANG,FY2023,2023-12-31,Intangibles - Accumulated amortization,Databases and software,181,usd_m,0,20
Form10A_2026-05-27,454,NOTE_GOODWILL_INTANG,FY2023,2023-12-31,Intangibles - Accumulated amortization,Customer relationships,199,usd_m,0,21
Form10A_2026-05-27,454,NOTE_GOODWILL_INTANG,FY2023,2023-12-31,Intangibles - Accumulated amortization,Trade names,156,usd_m,0,22
Form10A_2026-05-27,454,NOTE_GOODWILL_INTANG,FY2023,2023-12-31,Intangibles - Accumulated amortization,Total,536,usd_m,1,23
Form10A_2026-05-27,454,NOTE_GOODWILL_INTANG,FY2024,2024-12-31,Intangibles - Accumulated amortization,Databases and software,280,usd_m,0,20
Form10A_2026-05-27,454,NOTE_GOODWILL_INTANG,FY2024,2024-12-31,Intangibles - Accumulated amortization,Customer relationships,310,usd_m,0,21
Form10A_2026-05-27,454,NOTE_GOODWILL_INTANG,FY2024,2024-12-31,Intangibles - Accumulated amortization,Trade names,242,usd_m,0,22
Form10A_2026-05-27,454,NOTE_GOODWILL_INTANG,FY2024,2024-12-31,Intangibles - Accumulated amortization,Total,832,usd_m,1,23
Form10A_2026-05-27,454,NOTE_GOODWILL_INTANG,FY2025,2025-12-31,Intangibles - Accumulated amortization,Databases and software,379,usd_m,0,20
Form10A_2026-05-27,454,NOTE_GOODWILL_INTANG,FY2025,2025-12-31,Intangibles - Accumulated amortization,Customer relationships,421,usd_m,0,21
Form10A_2026-05-27,454,NOTE_GOODWILL_INTANG,FY2025,2025-12-31,Intangibles - Accumulated amortization,Trade names,328,usd_m,0,22
Form10A_2026-05-27,454,NOTE_GOODWILL_INTANG,FY2025,2025-12-31,Intangibles - Accumulated amortization,Total,1128,usd_m,1,23
Form10A_2026-05-27,454,NOTE_GOODWILL_INTANG,FY2024,2024-12-31,Intangibles - Current year amortization,Databases and software,99,usd_m,0,30
Form10A_2026-05-27,454,NOTE_GOODWILL_INTANG,FY2024,2024-12-31,Intangibles - Current year amortization,Customer relationships,111,usd_m,0,31
Form10A_2026-05-27,454,NOTE_GOODWILL_INTANG,FY2024,2024-12-31,Intangibles - Current year amortization,Trade names,86,usd_m,0,32
Form10A_2026-05-27,454,NOTE_GOODWILL_INTANG,FY2024,2024-12-31,Intangibles - Current year amortization,Total,296,usd_m,1,33
Form10A_2026-05-27,454,NOTE_GOODWILL_INTANG,FY2025,2025-12-31,Intangibles - Current year amortization,Databases and software,99,usd_m,0,30
Form10A_2026-05-27,454,NOTE_GOODWILL_INTANG,FY2025,2025-12-31,Intangibles - Current year amortization,Customer relationships,111,usd_m,0,31
Form10A_2026-05-27,454,NOTE_GOODWILL_INTANG,FY2025,2025-12-31,Intangibles - Current year amortization,Trade names,86,usd_m,0,32
Form10A_2026-05-27,454,NOTE_GOODWILL_INTANG,FY2025,2025-12-31,Intangibles - Current year amortization,Total,296,usd_m,1,33
Form10A_2026-05-27,454,NOTE_GOODWILL_INTANG,FY2024,2024-12-31,Net definite-lived intangibles,Databases and software,797,usd_m,0,40
Form10A_2026-05-27,454,NOTE_GOODWILL_INTANG,FY2024,2024-12-31,Net definite-lived intangibles,Customer relationships,2443,usd_m,0,41
Form10A_2026-05-27,454,NOTE_GOODWILL_INTANG,FY2024,2024-12-31,Net definite-lived intangibles,Trade names,845,usd_m,0,42
Form10A_2026-05-27,454,NOTE_GOODWILL_INTANG,FY2024,2024-12-31,Net definite-lived intangibles,Total,4085,usd_m,1,43
Form10A_2026-05-27,454,NOTE_GOODWILL_INTANG,FY2025,2025-12-31,Net definite-lived intangibles,Databases and software,698,usd_m,0,40
Form10A_2026-05-27,454,NOTE_GOODWILL_INTANG,FY2025,2025-12-31,Net definite-lived intangibles,Customer relationships,2332,usd_m,0,41
Form10A_2026-05-27,454,NOTE_GOODWILL_INTANG,FY2025,2025-12-31,Net definite-lived intangibles,Trade names,759,usd_m,0,42
Form10A_2026-05-27,454,NOTE_GOODWILL_INTANG,FY2025,2025-12-31,Net definite-lived intangibles,Total,3789,usd_m,1,43
Form10A_2026-05-27,454,NOTE_GOODWILL_INTANG,FY2025,2025-12-31,Expected amortization expense,2026,296,usd_m,0,70
Form10A_2026-05-27,454,NOTE_GOODWILL_INTANG,FY2025,2025-12-31,Expected amortization expense,2027,296,usd_m,0,71
Form10A_2026-05-27,454,NOTE_GOODWILL_INTANG,FY2025,2025-12-31,Expected amortization expense,2028,296,usd_m,0,72
Form10A_2026-05-27,454,NOTE_GOODWILL_INTANG,FY2025,2025-12-31,Expected amortization expense,2029,296,usd_m,0,73
Form10A_2026-05-27,454,NOTE_GOODWILL_INTANG,FY2025,2025-12-31,Expected amortization expense,2030,293,usd_m,0,74
Form10A_2026-05-27,454,NOTE_GOODWILL_INTANG,FY2025,2025-12-31,Intangibles policy,weighted-average life of the intangible assets (approximately; years),15,count,0,80
Form10A_2026-05-27,454,NOTE_GOODWILL_INTANG,FY2025,2025-12-31,Intangibles policy,maximum straight-line amortization period (years),25,count,0,81
Form10A_2026-05-27,454,NOTE_GOODWILL_INTANG,FY2025,2025-12-31,Amortization,Amortization expense,296,usd_m,0,82
Form10A_2026-05-27,454,NOTE_GOODWILL_INTANG,FY2024,2024-12-31,Amortization,Amortization expense,296,usd_m,0,82
Form10A_2026-05-27,454,NOTE_GOODWILL_INTANG,FY2023,2023-12-31,Amortization,Amortization expense,295,usd_m,0,82
Form10A_2026-05-27,455,NOTE_TAX,FY2025,2025-12-31,Income before taxes by source,Domestic operations,276,usd_m,0,1
Form10A_2026-05-27,455,NOTE_TAX,FY2025,2025-12-31,Income before taxes by source,Foreign operations,50,usd_m,0,2
Form10A_2026-05-27,455,NOTE_TAX,FY2025,2025-12-31,Income before taxes by source,Total income before taxes,326,usd_m,1,3
Form10A_2026-05-27,455,NOTE_TAX,FY2024,2024-12-31,Income before taxes by source,Domestic operations,225,usd_m,0,1
Form10A_2026-05-27,455,NOTE_TAX,FY2024,2024-12-31,Income before taxes by source,Foreign operations,59,usd_m,0,2
Form10A_2026-05-27,455,NOTE_TAX,FY2024,2024-12-31,Income before taxes by source,Total income before taxes,284,usd_m,1,3
Form10A_2026-05-27,455,NOTE_TAX,FY2023,2023-12-31,Income before taxes by source,Domestic operations,184,usd_m,0,1
Form10A_2026-05-27,455,NOTE_TAX,FY2023,2023-12-31,Income before taxes by source,Foreign operations,40,usd_m,0,2
Form10A_2026-05-27,455,NOTE_TAX,FY2023,2023-12-31,Income before taxes by source,Total income before taxes,224,usd_m,1,3
Form10A_2026-05-27,455,NOTE_TAX,FY2025,2025-12-31,Provision for taxes on income,Federal: Current,110,usd_m,0,10
Form10A_2026-05-27,455,NOTE_TAX,FY2025,2025-12-31,Provision for taxes on income,Federal: Deferred,-62,usd_m,0,11
Form10A_2026-05-27,455,NOTE_TAX,FY2025,2025-12-31,Provision for taxes on income,Total federal,48,usd_m,1,12
Form10A_2026-05-27,455,NOTE_TAX,FY2025,2025-12-31,Provision for taxes on income,Foreign: Current,30,usd_m,0,13
Form10A_2026-05-27,455,NOTE_TAX,FY2025,2025-12-31,Provision for taxes on income,Foreign: Deferred,-12,usd_m,0,14
Form10A_2026-05-27,455,NOTE_TAX,FY2025,2025-12-31,Provision for taxes on income,Total foreign,18,usd_m,1,15
Form10A_2026-05-27,455,NOTE_TAX,FY2025,2025-12-31,Provision for taxes on income,State and local: Current,56,usd_m,0,16
Form10A_2026-05-27,455,NOTE_TAX,FY2025,2025-12-31,Provision for taxes on income,State and local: Deferred,-16,usd_m,0,17
Form10A_2026-05-27,455,NOTE_TAX,FY2025,2025-12-31,Provision for taxes on income,Total state and local,40,usd_m,1,18
Form10A_2026-05-27,455,NOTE_TAX,FY2025,2025-12-31,Provision for taxes on income,Total provision for taxes,106,usd_m,1,19
Form10A_2026-05-27,455,NOTE_TAX,FY2024,2024-12-31,Provision for taxes on income,Federal: Current,103,usd_m,0,10
Form10A_2026-05-27,455,NOTE_TAX,FY2024,2024-12-31,Provision for taxes on income,Federal: Deferred,-64,usd_m,0,11
Form10A_2026-05-27,455,NOTE_TAX,FY2024,2024-12-31,Provision for taxes on income,Total provision for taxes,76,usd_m,1,19
Form10A_2026-05-27,455,NOTE_TAX,FY2023,2023-12-31,Provision for taxes on income,Federal: Current,90,usd_m,0,10
Form10A_2026-05-27,455,NOTE_TAX,FY2023,2023-12-31,Provision for taxes on income,Federal: Deferred,-59,usd_m,0,11
Form10A_2026-05-27,455,NOTE_TAX,FY2023,2023-12-31,Provision for taxes on income,Total provision for taxes,61,usd_m,1,19
Form10A_2026-05-27,455,NOTE_TAX,FY2024,2024-12-31,Provision for taxes on income,Total federal,39,usd_m,1,12
Form10A_2026-05-27,456,NOTE_TAX,FY2025,2025-12-31,ETR reconciliation (amount),U.S. federal statutory tax rate,68,usd_m,0,30
Form10A_2026-05-27,456,NOTE_TAX,FY2025,2025-12-31,ETR reconciliation (percent),U.S. federal statutory tax rate,21.0,pct,0,50
Form10A_2026-05-27,456,NOTE_TAX,FY2025,2025-12-31,ETR reconciliation (amount),"State & local income taxes, net of federal income tax (1)",31,usd_m,0,31
Form10A_2026-05-27,456,NOTE_TAX,FY2025,2025-12-31,ETR reconciliation (percent),"State & local income taxes, net of federal income tax (1)",9.6,pct,0,51
Form10A_2026-05-27,456,NOTE_TAX,FY2025,2025-12-31,ETR reconciliation (amount),Foreign tax effects - Canada - Local Taxes,4,usd_m,0,32
Form10A_2026-05-27,456,NOTE_TAX,FY2025,2025-12-31,ETR reconciliation (percent),Foreign tax effects - Canada - Local Taxes,1.1,pct,0,52
Form10A_2026-05-27,456,NOTE_TAX,FY2025,2025-12-31,ETR reconciliation (amount),Foreign tax effects - Canada - Other,-2,usd_m,0,33
Form10A_2026-05-27,456,NOTE_TAX,FY2025,2025-12-31,ETR reconciliation (percent),Foreign tax effects - Canada - Other,-0.6,pct,0,53
Form10A_2026-05-27,456,NOTE_TAX,FY2025,2025-12-31,ETR reconciliation (amount),Foreign tax effects - United Kingdom - Changes in valuation allowance,5,usd_m,0,34
Form10A_2026-05-27,456,NOTE_TAX,FY2025,2025-12-31,ETR reconciliation (percent),Foreign tax effects - United Kingdom - Changes in valuation allowance,1.5,pct,0,54
Form10A_2026-05-27,456,NOTE_TAX,FY2025,2025-12-31,ETR reconciliation (amount),Foreign tax effects - United Kingdom - Other,-1,usd_m,0,35
Form10A_2026-05-27,456,NOTE_TAX,FY2025,2025-12-31,ETR reconciliation (percent),Foreign tax effects - United Kingdom - Other,-0.2,pct,0,55
Form10A_2026-05-27,456,NOTE_TAX,FY2025,2025-12-31,ETR reconciliation (percent),Foreign tax effects - Other foreign jurisdictions,0.7,pct,0,56
Form10A_2026-05-27,456,NOTE_TAX,FY2025,2025-12-31,ETR reconciliation (percent),Effect of cross-border tax laws,-0.1,pct,0,57
Form10A_2026-05-27,456,NOTE_TAX,FY2025,2025-12-31,ETR reconciliation (amount),Tax credits,-3,usd_m,0,38
Form10A_2026-05-27,456,NOTE_TAX,FY2025,2025-12-31,ETR reconciliation (percent),Tax credits,-0.9,pct,0,58
Form10A_2026-05-27,456,NOTE_TAX,FY2025,2025-12-31,ETR reconciliation (amount),Nontaxable or nondeductible items,1,usd_m,0,39
Form10A_2026-05-27,456,NOTE_TAX,FY2025,2025-12-31,ETR reconciliation (percent),Nontaxable or nondeductible items,0.2,pct,0,59
Form10A_2026-05-27,456,NOTE_TAX,FY2025,2025-12-31,ETR reconciliation (amount),Changes in unrecognized tax benefits,1,usd_m,0,40
Form10A_2026-05-27,456,NOTE_TAX,FY2025,2025-12-31,ETR reconciliation (percent),Changes in unrecognized tax benefits,0.2,pct,0,60
Form10A_2026-05-27,456,NOTE_TAX,FY2025,2025-12-31,ETR reconciliation (amount),Effective income tax rate,106,usd_m,1,41
Form10A_2026-05-27,456,NOTE_TAX,FY2025,2025-12-31,ETR reconciliation (percent),Effective income tax rate,32.5,pct,1,61
Form10A_2026-05-27,456,NOTE_TAX,FY2024,2024-12-31,ETR reconciliation (percent; pre-ASU 2023-09),U.S. federal statutory income tax rate,21.0,pct,0,50
Form10A_2026-05-27,456,NOTE_TAX,FY2024,2024-12-31,ETR reconciliation (percent; pre-ASU 2023-09),State and local income taxes,6.0,pct,0,51
Form10A_2026-05-27,456,NOTE_TAX,FY2024,2024-12-31,ETR reconciliation (percent; pre-ASU 2023-09),Foreign operations,2.4,pct,0,52
Form10A_2026-05-27,456,NOTE_TAX,FY2024,2024-12-31,ETR reconciliation (percent; pre-ASU 2023-09),Stock-based compensation,-0.6,pct,0,53
Form10A_2026-05-27,456,NOTE_TAX,FY2024,2024-12-31,ETR reconciliation (percent; pre-ASU 2023-09),Tax credits and incentives,-2.7,pct,0,54
Form10A_2026-05-27,456,NOTE_TAX,FY2024,2024-12-31,ETR reconciliation (percent; pre-ASU 2023-09),"Other, net",0.7,pct,0,55
Form10A_2026-05-27,456,NOTE_TAX,FY2024,2024-12-31,ETR reconciliation (percent; pre-ASU 2023-09),Effective income tax rate,26.8,pct,1,56
Form10A_2026-05-27,456,NOTE_TAX,FY2023,2023-12-31,ETR reconciliation (percent; pre-ASU 2023-09),U.S. federal statutory income tax rate,21.0,pct,0,50
Form10A_2026-05-27,456,NOTE_TAX,FY2023,2023-12-31,ETR reconciliation (percent; pre-ASU 2023-09),State and local income taxes,6.3,pct,0,51
Form10A_2026-05-27,456,NOTE_TAX,FY2023,2023-12-31,ETR reconciliation (percent; pre-ASU 2023-09),Foreign operations,2.7,pct,0,52
Form10A_2026-05-27,456,NOTE_TAX,FY2023,2023-12-31,ETR reconciliation (percent; pre-ASU 2023-09),Stock-based compensation,-0.2,pct,0,53
Form10A_2026-05-27,456,NOTE_TAX,FY2023,2023-12-31,ETR reconciliation (percent; pre-ASU 2023-09),Tax credits and incentives,-3.4,pct,0,54
Form10A_2026-05-27,456,NOTE_TAX,FY2023,2023-12-31,ETR reconciliation (percent; pre-ASU 2023-09),"Other, net",0.9,pct,0,55
Form10A_2026-05-27,456,NOTE_TAX,FY2023,2023-12-31,ETR reconciliation (percent; pre-ASU 2023-09),Effective income tax rate,27.3,pct,1,56
Form10A_2026-05-27,456,NOTE_TAX,FY2025,2025-12-31,Income tax payments,net income tax payments,26,usd_m,0,70
Form10A_2026-05-27,456,NOTE_TAX,FY2024,2024-12-31,Income tax payments,net income tax payments,29,usd_m,0,70
Form10A_2026-05-27,456,NOTE_TAX,FY2023,2023-12-31,Income tax payments,net income tax payments,15,usd_m,0,70
Form10A_2026-05-27,457,NOTE_TAX,FY2025,2025-12-31,Deferred tax assets and liabilities,Deferred tax assets: Accrued expenses,15,usd_m,0,80
Form10A_2026-05-27,457,NOTE_TAX,FY2025,2025-12-31,Deferred tax assets and liabilities,Deferred tax assets: Losses and other carryforwards,5,usd_m,0,81
Form10A_2026-05-27,457,NOTE_TAX,FY2025,2025-12-31,Deferred tax assets and liabilities,Deferred tax assets: Research & Development expenditures,46,usd_m,0,82
Form10A_2026-05-27,457,NOTE_TAX,FY2025,2025-12-31,Deferred tax assets and liabilities,Deferred tax assets: Other,12,usd_m,0,83
Form10A_2026-05-27,457,NOTE_TAX,FY2025,2025-12-31,Deferred tax assets and liabilities,Total deferred tax assets,78,usd_m,1,84
Form10A_2026-05-27,457,NOTE_TAX,FY2025,2025-12-31,Deferred tax assets and liabilities,Deferred tax liabilities: Goodwill and intangible assets,-1066,usd_m,0,85
Form10A_2026-05-27,457,NOTE_TAX,FY2025,2025-12-31,Deferred tax assets and liabilities,Deferred tax liabilities: Other,-13,usd_m,0,86
Form10A_2026-05-27,457,NOTE_TAX,FY2025,2025-12-31,Deferred tax assets and liabilities,Total deferred tax liabilities,-1079,usd_m,1,87
Form10A_2026-05-27,457,NOTE_TAX,FY2025,2025-12-31,Deferred tax assets and liabilities,Net deferred income tax asset before valuation allowance,-1001,usd_m,1,88
Form10A_2026-05-27,457,NOTE_TAX,FY2025,2025-12-31,Deferred tax assets and liabilities,Net deferred income tax liability,-1006,usd_m,1,89
Form10A_2026-05-27,457,NOTE_TAX,FY2024,2024-12-31,Deferred tax assets and liabilities,Deferred tax assets: Accrued expenses,14,usd_m,0,80
Form10A_2026-05-27,457,NOTE_TAX,FY2024,2024-12-31,Deferred tax assets and liabilities,Deferred tax assets: Research & Development expenditures,34,usd_m,0,82
Form10A_2026-05-27,457,NOTE_TAX,FY2024,2024-12-31,Deferred tax assets and liabilities,Deferred tax assets: Other,12,usd_m,0,83
Form10A_2026-05-27,457,NOTE_TAX,FY2024,2024-12-31,Deferred tax assets and liabilities,Total deferred tax assets,60,usd_m,1,84
Form10A_2026-05-27,457,NOTE_TAX,FY2024,2024-12-31,Deferred tax assets and liabilities,Deferred tax liabilities: Goodwill and intangible assets,-1141,usd_m,0,85
Form10A_2026-05-27,457,NOTE_TAX,FY2024,2024-12-31,Deferred tax assets and liabilities,Deferred tax liabilities: Other,-15,usd_m,0,86
Form10A_2026-05-27,457,NOTE_TAX,FY2024,2024-12-31,Deferred tax assets and liabilities,Total deferred tax liabilities,-1156,usd_m,1,87
Form10A_2026-05-27,457,NOTE_TAX,FY2024,2024-12-31,Deferred tax assets and liabilities,Net deferred income tax asset before valuation allowance,-1096,usd_m,1,88
Form10A_2026-05-27,457,NOTE_TAX,FY2024,2024-12-31,Deferred tax assets and liabilities,Net deferred income tax liability,-1096,usd_m,1,89
Form10A_2026-05-27,457,NOTE_TAX,FY2025,2025-12-31,Carryforwards,gross interest carryforward,20,usd_m,0,95
Form10A_2026-05-27,457,NOTE_TAX,FY2025,2025-12-31,Carryforwards,foreign net operating loss carryforwards,1,usd_m,0,96
Form10A_2026-05-27,458,NOTE_TAX,FY2025,2025-12-31,Unrecognized tax benefits,Balance at beginning of year,5,usd_m,0,100
Form10A_2026-05-27,458,NOTE_TAX,FY2024,2024-12-31,Unrecognized tax benefits,Balance at beginning of year,4,usd_m,0,100
Form10A_2026-05-27,458,NOTE_TAX,FY2023,2023-12-31,Unrecognized tax benefits,Balance at beginning of year,3,usd_m,0,100
Form10A_2026-05-27,458,NOTE_TAX,FY2024,2024-12-31,Unrecognized tax benefits,Additions based on tax positions related to the current year,1,usd_m,0,101
Form10A_2026-05-27,458,NOTE_TAX,FY2023,2023-12-31,Unrecognized tax benefits,Additions based on tax positions related to the current year,1,usd_m,0,101
Form10A_2026-05-27,458,NOTE_TAX,FY2025,2025-12-31,Unrecognized tax benefits,Reduction for settlements,-3,usd_m,0,102
Form10A_2026-05-27,458,NOTE_TAX,FY2025,2025-12-31,Unrecognized tax benefits,Balance at end of year,2,usd_m,1,103
Form10A_2026-05-27,458,NOTE_TAX,FY2024,2024-12-31,Unrecognized tax benefits,Balance at end of year,5,usd_m,1,103
Form10A_2026-05-27,458,NOTE_TAX,FY2023,2023-12-31,Unrecognized tax benefits,Balance at end of year,4,usd_m,1,103
Form10A_2026-05-27,458,NOTE_PENSION,FY2025,2025-12-31,Defined Contribution Plan,401(k) plan expense for Mobility employees,22,usd_m,0,1
Form10A_2026-05-27,458,NOTE_PENSION,FY2024,2024-12-31,Defined Contribution Plan,401(k) plan expense for Mobility employees,20,usd_m,0,1
Form10A_2026-05-27,458,NOTE_PENSION,FY2023,2023-12-31,Defined Contribution Plan,401(k) plan expense for Mobility employees,18,usd_m,0,1
Form10A_2026-05-27,459,NOTE_EQUITY,FY2025,2025-12-31,Stock-Based Compensation,Restricted stock and other stock-based awards expense,22,usd_m,0,20
Form10A_2026-05-27,459,NOTE_EQUITY,FY2025,2025-12-31,Stock-Based Compensation,Tax benefit,5,usd_m,0,21
Form10A_2026-05-27,459,NOTE_EQUITY,FY2024,2024-12-31,Stock-Based Compensation,Restricted stock and other stock-based awards expense,28,usd_m,0,20
Form10A_2026-05-27,459,NOTE_EQUITY,FY2024,2024-12-31,Stock-Based Compensation,Tax benefit,8,usd_m,0,21
Form10A_2026-05-27,459,NOTE_EQUITY,FY2023,2023-12-31,Stock-Based Compensation,Restricted stock and other stock-based awards expense,20,usd_m,0,20
Form10A_2026-05-27,459,NOTE_EQUITY,FY2023,2023-12-31,Stock-Based Compensation,Tax benefit,6,usd_m,0,21
Form10A_2026-05-27,459,NOTE_EQUITY,FY2025,2025-12-31,Stock-Based Compensation,IHS Markit merger exchange ratio applied to assumed awards,0.2838,count,0,22
Form10A_2026-05-27,460,NOTE_EQUITY,FY2024,2024-12-31,Restricted stock award activity (in thousands),"Balance as of December 31, 2024 - Shares",107000,count,1,30
Form10A_2026-05-27,460,NOTE_EQUITY,FY2024,2024-12-31,Restricted stock award activity,"Balance as of December 31, 2024 - Weighted-average grant-date fair value",385.68,usd_per_share,0,30
Form10A_2026-05-27,460,NOTE_EQUITY,FY2025,2025-12-31,Restricted stock award activity (in thousands),Granted - Shares,50000,count,0,31
Form10A_2026-05-27,460,NOTE_EQUITY,FY2025,2025-12-31,Restricted stock award activity,Granted - Weighted-average grant-date fair value,509.03,usd_per_share,0,31
Form10A_2026-05-27,460,NOTE_EQUITY,FY2025,2025-12-31,Restricted stock award activity (in thousands),Vested - Shares,-52000,count,0,32
Form10A_2026-05-27,460,NOTE_EQUITY,FY2025,2025-12-31,Restricted stock award activity,Vested - Weighted-average grant-date fair value,387.65,usd_per_share,0,32
Form10A_2026-05-27,460,NOTE_EQUITY,FY2025,2025-12-31,Restricted stock award activity (in thousands),Forfeited / cancelled - Shares,-36000,count,0,33
Form10A_2026-05-27,460,NOTE_EQUITY,FY2025,2025-12-31,Restricted stock award activity,Forfeited / cancelled - Weighted-average grant-date fair value,414.51,usd_per_share,0,33
Form10A_2026-05-27,460,NOTE_EQUITY,FY2025,2025-12-31,Restricted stock award activity (in thousands),"Employee transfers and other, net - Shares",21000,count,0,34
Form10A_2026-05-27,460,NOTE_EQUITY,FY2025,2025-12-31,Restricted stock award activity,"Employee transfers and other, net - Weighted-average grant-date fair value",306.15,usd_per_share,0,34
Form10A_2026-05-27,460,NOTE_EQUITY,FY2025,2025-12-31,Restricted stock award activity (in thousands),"Balance as of December 31, 2025 - Shares",90000,count,1,35
Form10A_2026-05-27,460,NOTE_EQUITY,FY2025,2025-12-31,Restricted stock award activity,"Balance as of December 31, 2025 - Weighted-average grant-date fair value",458.11,usd_per_share,0,35
Form10A_2026-05-27,460,NOTE_EQUITY,FY2025,2025-12-31,Restricted stock award activity,Total unrecognized compensation expense related to restricted awards,18,usd_m,0,36
Form10A_2026-05-27,460,NOTE_EQUITY,FY2025,2025-12-31,Restricted stock award activity,Weighted-average years to be recognized over,1.12,count,0,37
Form10A_2026-05-27,460,NOTE_EQUITY,FY2025,2025-12-31,Restricted stock awards,Weighted-average grant-date fair value per award,509.03,usd_per_share,0,38
Form10A_2026-05-27,460,NOTE_EQUITY,FY2025,2025-12-31,Restricted stock awards,Total fair value of restricted stock and other stock-based awards vested,27,usd_m,0,39
Form10A_2026-05-27,460,NOTE_EQUITY,FY2025,2025-12-31,Restricted stock awards,Tax benefit relating to restricted award activity,7,usd_m,0,40
Form10A_2026-05-27,460,NOTE_EQUITY,FY2024,2024-12-31,Restricted stock awards,Weighted-average grant-date fair value per award,419.95,usd_per_share,0,38
Form10A_2026-05-27,460,NOTE_EQUITY,FY2024,2024-12-31,Restricted stock awards,Total fair value of restricted stock and other stock-based awards vested,31,usd_m,0,39
Form10A_2026-05-27,460,NOTE_EQUITY,FY2024,2024-12-31,Restricted stock awards,Tax benefit relating to restricted award activity,8,usd_m,0,40
Form10A_2026-05-27,460,NOTE_EQUITY,FY2023,2023-12-31,Restricted stock awards,Weighted-average grant-date fair value per award,337.63,usd_per_share,0,38
Form10A_2026-05-27,460,NOTE_EQUITY,FY2023,2023-12-31,Restricted stock awards,Total fair value of restricted stock and other stock-based awards vested,27,usd_m,0,39
Form10A_2026-05-27,460,NOTE_EQUITY,FY2023,2023-12-31,Restricted stock awards,Tax benefit relating to restricted award activity,7,usd_m,0,40
Form10A_2026-05-27,464,NOTE_LEASES,FY2025,2025-12-31,Lease balance sheet,Lease right-of-use assets,16,usd_m,0,1
Form10A_2026-05-27,464,NOTE_LEASES,FY2024,2024-12-31,Lease balance sheet,Lease right-of-use assets,20,usd_m,0,1
Form10A_2026-05-27,464,NOTE_LEASES,FY2025,2025-12-31,Lease balance sheet,Current lease liabilities,7,usd_m,0,2
Form10A_2026-05-27,464,NOTE_LEASES,FY2025,2025-12-31,Lease balance sheet,Non-current lease liabilities,11,usd_m,0,3
Form10A_2026-05-27,464,NOTE_LEASES,FY2024,2024-12-31,Lease balance sheet,Current lease liabilities,7,usd_m,0,2
Form10A_2026-05-27,464,NOTE_LEASES,FY2024,2024-12-31,Lease balance sheet,Non-current lease liabilities,16,usd_m,0,3
Form10A_2026-05-27,464,NOTE_LEASES,FY2025,2025-12-31,Lease expense,Lease expense for our operating leases,6,usd_m,0,4
Form10A_2026-05-27,464,NOTE_LEASES,FY2024,2024-12-31,Lease expense,Lease expense for our operating leases,6,usd_m,0,4
Form10A_2026-05-27,464,NOTE_LEASES,FY2023,2023-12-31,Lease expense,Lease expense for our operating leases,6,usd_m,0,4
Form10A_2026-05-27,464,NOTE_LEASES,FY2025,2025-12-31,Supplemental,Operating cash flows for operating leases,8,usd_m,0,5
Form10A_2026-05-27,464,NOTE_LEASES,FY2024,2024-12-31,Supplemental,Operating cash flows for operating leases,7,usd_m,0,5
Form10A_2026-05-27,464,NOTE_LEASES,FY2023,2023-12-31,Supplemental,Operating cash flows for operating leases,7,usd_m,0,5
Form10A_2026-05-27,464,NOTE_LEASES,FY2025,2025-12-31,Lease terms,Weighted-average remaining lease term (years),4.7,count,0,7
Form10A_2026-05-27,464,NOTE_LEASES,FY2025,2025-12-31,Lease terms,Weighted-average discount rate,2.79,pct,0,8
Form10A_2026-05-27,464,NOTE_LEASES,FY2024,2024-12-31,Lease terms,Weighted-average remaining lease term (years),4.1,count,0,7
Form10A_2026-05-27,464,NOTE_LEASES,FY2024,2024-12-31,Lease terms,Weighted-average discount rate,2.78,pct,0,8
Form10A_2026-05-27,464,NOTE_LEASES,FY2025,2025-12-31,Maturities,2026,7,usd_m,0,9
Form10A_2026-05-27,464,NOTE_LEASES,FY2025,2025-12-31,Maturities,Present value of lease liabilities,18,usd_m,1,17
Form10A_2026-05-27,465,NOTE_LEASES,FY2025,2025-12-31,Not yet commenced,lease agreements not yet commenced - total estimated future lease payments (2026 through 2037),63,usd_m,0,18
Form10A_2026-05-27,465,NOTE_RELATED,FY2025,2025-12-31,Related party summary,Data sharing revenues,3,usd_m,0,1
Form10A_2026-05-27,465,NOTE_RELATED,FY2025,2025-12-31,Related party summary,Data sharing expenses (1),1,usd_m,0,2
Form10A_2026-05-27,465,NOTE_RELATED,FY2025,2025-12-31,Related party summary,Corporate allocations from Parent (2),112,usd_m,0,3
Form10A_2026-05-27,465,NOTE_RELATED,FY2025,2025-12-31,Related party summary,Total expenses,113,usd_m,1,4
Form10A_2026-05-27,465,NOTE_RELATED,FY2025,2025-12-31,Related party summary,"Related party loan interest expense, net",14,usd_m,0,6
Form10A_2026-05-27,465,NOTE_RELATED,FY2024,2024-12-31,Related party summary,Data sharing revenues,3,usd_m,0,1
Form10A_2026-05-27,465,NOTE_RELATED,FY2024,2024-12-31,Related party summary,Data sharing expenses (1),1,usd_m,0,2
Form10A_2026-05-27,465,NOTE_RELATED,FY2024,2024-12-31,Related party summary,Corporate allocations from Parent (2),90,usd_m,0,3
Form10A_2026-05-27,465,NOTE_RELATED,FY2024,2024-12-31,Related party summary,Total expenses,91,usd_m,1,4
Form10A_2026-05-27,465,NOTE_RELATED,FY2024,2024-12-31,Related party summary,Related party dividend income (3),-1,usd_m,0,5
Form10A_2026-05-27,465,NOTE_RELATED,FY2024,2024-12-31,Related party summary,"Related party loan interest expense, net",17,usd_m,0,6
Form10A_2026-05-27,465,NOTE_RELATED,FY2023,2023-12-31,Related party summary,Data sharing revenues,3,usd_m,0,1
Form10A_2026-05-27,465,NOTE_RELATED,FY2023,2023-12-31,Related party summary,Data sharing expenses (1),1,usd_m,0,2
Form10A_2026-05-27,465,NOTE_RELATED,FY2023,2023-12-31,Related party summary,Corporate allocations from Parent (2),89,usd_m,0,3
Form10A_2026-05-27,465,NOTE_RELATED,FY2023,2023-12-31,Related party summary,Total expenses,90,usd_m,1,4
Form10A_2026-05-27,465,NOTE_RELATED,FY2023,2023-12-31,Related party summary,Related party dividend income (3),-3,usd_m,0,5
Form10A_2026-05-27,465,NOTE_RELATED,FY2023,2023-12-31,Related party summary,"Related party loan interest expense, net",18,usd_m,0,6
Form10A_2026-05-27,466,NOTE_RELATED,FY2025,2025-12-31,Stand-up costs,transaction costs related to the stand-up of Mobility as a standalone entity,21,usd_m,0,7
Form10A_2026-05-27,466,NOTE_RELATED,FY2025,2025-12-31,Stand-up costs,of which allocated to the Company from Parent (approximately),12,usd_m,0,8
Form10A_2026-05-27,466,NOTE_RELATED,FY2025,2025-12-31,Related Party Dividend Income,equity interest in IHS Markit Global LLC,1.4,pct,0,9
Form10A_2026-05-27,466,NOTE_DEBT,FY2025,2025-12-31,Canada Carfax Loan,outstanding loan balance payable to S&P Global inclusive of accrued interest (Due to related parties non-current),230,usd_m,0,3
Form10A_2026-05-27,466,NOTE_DEBT,FY2024,2024-12-31,Canada Carfax Loan,outstanding loan balance payable to S&P Global inclusive of accrued interest (Due to related parties non-current),236,usd_m,0,3
Form10A_2026-05-27,466,NOTE_DEBT,FY2025,2025-12-31,Canada Carfax Loan,related party interest expense,14,usd_m,0,4
Form10A_2026-05-27,466,NOTE_DEBT,FY2025,2025-12-31,Canada Carfax Loan,voluntary prepayments on the principal balance,18,usd_m,0,5
Form10A_2026-05-27,466,NOTE_DEBT,FY2025,2025-12-31,Canada Carfax Loan,payments of interest,14,usd_m,0,6
Form10A_2026-05-27,466,NOTE_DEBT,FY2024,2024-12-31,Canada Carfax Loan,related party interest expense,17,usd_m,0,4
Form10A_2026-05-27,466,NOTE_DEBT,FY2024,2024-12-31,Canada Carfax Loan,voluntary prepayments on the principal balance,45,usd_m,0,5
Form10A_2026-05-27,466,NOTE_DEBT,FY2024,2024-12-31,Canada Carfax Loan,payments of interest,17,usd_m,0,6
Form10A_2026-05-27,466,NOTE_DEBT,FY2023,2023-12-31,Canada Carfax Loan,related party interest expense,18,usd_m,0,4
Form10A_2026-05-27,466,NOTE_DEBT,FY2023,2023-12-31,Canada Carfax Loan,payments of interest,18,usd_m,0,6
Form10A_2026-05-27,467,NOTE_DEBT,FY2024,2024-12-31,Europe Carfax Loan (receivable),outstanding loan receivable from S&P Global inclusive of accrued interest (Due from related parties - non-current),4,usd_m,0,7
Form10A_2026-05-27,467,NOTE_DEBT,FY2025,2025-12-31,Europe Carfax Loan (receivable),cash received related to principal and interest (repaid in full 2025-11-30),5,usd_m,0,8
Form10A_2026-05-27,467,NOTE_EQUITY,FY2025,2025-12-31,Parent company investment components,Cash pooling and general financing activities,-738,usd_m,0,10
Form10A_2026-05-27,467,NOTE_EQUITY,FY2025,2025-12-31,Parent company investment components,Unbilled corporate allocations,109,usd_m,0,12
Form10A_2026-05-27,467,NOTE_EQUITY,FY2025,2025-12-31,Parent company investment components,Stock-based compensation,22,usd_m,0,13
Form10A_2026-05-27,467,NOTE_EQUITY,FY2025,2025-12-31,Parent company investment components,Assumed income tax payments,196,usd_m,0,14
Form10A_2026-05-27,467,NOTE_EQUITY,FY2025,2025-12-31,Parent company investment components,Net decrease in Parent company investment,-411,usd_m,1,15
Form10A_2026-05-27,467,NOTE_EQUITY,FY2024,2024-12-31,Parent company investment components,Cash pooling and general financing activities,-637,usd_m,0,10
Form10A_2026-05-27,467,NOTE_EQUITY,FY2024,2024-12-31,Parent company investment components,Cash contributions from S&P Global used to fund acquisitions,6,usd_m,0,11
Form10A_2026-05-27,467,NOTE_EQUITY,FY2024,2024-12-31,Parent company investment components,Unbilled corporate allocations,77,usd_m,0,12
Form10A_2026-05-27,467,NOTE_EQUITY,FY2024,2024-12-31,Parent company investment components,Stock-based compensation,28,usd_m,0,13
Form10A_2026-05-27,467,NOTE_EQUITY,FY2024,2024-12-31,Parent company investment components,Assumed income tax payments,181,usd_m,0,14
Form10A_2026-05-27,467,NOTE_EQUITY,FY2024,2024-12-31,Parent company investment components,Net decrease in Parent company investment,-345,usd_m,1,15
Form10A_2026-05-27,467,NOTE_EQUITY,FY2023,2023-12-31,Parent company investment components,Cash pooling and general financing activities,-599,usd_m,0,10
Form10A_2026-05-27,467,NOTE_EQUITY,FY2023,2023-12-31,Parent company investment components,Cash contributions from S&P Global used to fund acquisitions,214,usd_m,0,11
Form10A_2026-05-27,467,NOTE_EQUITY,FY2023,2023-12-31,Parent company investment components,Unbilled corporate allocations,77,usd_m,0,12
Form10A_2026-05-27,467,NOTE_EQUITY,FY2023,2023-12-31,Parent company investment components,Stock-based compensation,20,usd_m,0,13
Form10A_2026-05-27,467,NOTE_EQUITY,FY2023,2023-12-31,Parent company investment components,Assumed income tax payments,151,usd_m,0,14
Form10A_2026-05-27,467,NOTE_EQUITY,FY2023,2023-12-31,Parent company investment components,Net decrease in Parent company investment,-137,usd_m,1,15
Form10A_2026-05-27,468,NOTE_TAX,FY2025,2025-12-31,Schedule II,Valuation allowances related to deferred tax assets,5,usd_m,0,90
Form10A_2026-05-27,428,NOTE_DEFREV,Q1-2026,2026-03-31,Unearned Revenue,revenues recognized that were included in the unearned revenue balance at the beginning of the period,38,usd_m,0,1
Form10A_2026-05-27,429,NOTE_DEFREV,Q1-2026,2026-03-31,Remaining Performance Obligations,aggregate transaction price allocated to remaining performance obligations (majority over next 12 months),92,usd_m,0,2
Form10A_2026-05-27,424,NOTE_DEFREV,Q1-2026,2026-03-31,Balance sheet,Unearned revenue,94,usd_m,0,3
Form10A_2026-05-27,429,NOTE_TAX,Q1-2026,2026-03-31,Interim ETR,effective income tax rate,28.7,pct,0,1
Form10A_2026-05-27,429,NOTE_TAX,Q1-2025,2025-03-31,Interim ETR,effective income tax rate,28.2,pct,0,1
Form10A_2026-05-27,429,NOTE_TAX,Q1-2026,2026-03-31,Unrecognized tax benefits,total federal state and local and foreign unrecognized tax benefits (excl. interest and penalties),3,usd_m,0,103
Form10A_2026-05-27,429,NOTE_TAX,FY2025,2025-12-31,Unrecognized tax benefits,total federal state and local and foreign unrecognized tax benefits (excl. interest and penalties),2,usd_m,0,103
Form10A_2026-05-27,423,NOTE_OCI,Q1-2026,2026-03-31,OCI,Foreign currency translation adjustments,1,usd_m,0,1
Form10A_2026-05-27,423,NOTE_OCI,Q1-2025,2025-03-31,OCI,Foreign currency translation adjustments,-1,usd_m,0,1
Form10A_2026-05-27,426,NOTE_OCI,Q1-2026,2026-03-31,AOCI balance,Accumulated Other Comprehensive Income (Loss) balance,-3,usd_m,1,2
Form10A_2026-05-27,426,NOTE_OCI,Q1-2025,2025-03-31,AOCI balance,Accumulated Other Comprehensive Income (Loss) balance,2,usd_m,1,2
Form10A_2026-05-27,426,NOTE_EQUITY,Q1-2026,2026-03-31,Parent company investment roll-forward,Comprehensive income net of tax (net income),55,usd_m,0,2
Form10A_2026-05-27,426,NOTE_EQUITY,Q1-2026,2026-03-31,Parent company investment roll-forward,Net increase in Parent company investment,42,usd_m,0,3
Form10A_2026-05-27,426,NOTE_EQUITY,Q1-2026,2026-03-31,Parent company investment roll-forward,Parent Company Investment balance,11586,usd_m,1,4
Form10A_2026-05-27,426,NOTE_EQUITY,Q1-2025,2025-03-31,Parent company investment roll-forward,Comprehensive income net of tax (net income),58,usd_m,0,2
Form10A_2026-05-27,426,NOTE_EQUITY,Q1-2025,2025-03-31,Parent company investment roll-forward,Net decrease in Parent company investment,-44,usd_m,0,3
Form10A_2026-05-27,426,NOTE_EQUITY,Q1-2025,2025-03-31,Parent company investment roll-forward,Parent Company Investment balance,11694,usd_m,1,4
Form10A_2026-05-27,331,NOTE_DEBT,Q1-2026,2026-03-31,Capitalization - Actual,Cash and cash equivalents,122,usd_m,0,20
Form10A_2026-05-27,331,NOTE_DEBT,Q1-2026,2026-03-31,Capitalization - Pro Forma,Cash and cash equivalents,200,usd_m,0,20
Form10A_2026-05-27,331,NOTE_DEBT,Q1-2026,2026-03-31,Capitalization - Actual,Due to related parties – non-current (1),227,usd_m,0,21
Form10A_2026-05-27,331,NOTE_DEBT,Q1-2026,2026-03-31,Capitalization - Pro Forma,Long-term debt (2),1981,usd_m,0,22
Form10A_2026-05-27,331,NOTE_DEBT,Q1-2026,2026-03-31,Capitalization - Actual,Total indebtedness,227,usd_m,1,23
Form10A_2026-05-27,331,NOTE_DEBT,Q1-2026,2026-03-31,Capitalization - Pro Forma,Total indebtedness,1981,usd_m,1,23
Form10A_2026-05-27,331,NOTE_DEBT,Q1-2026,2026-03-31,Capitalization - Pro Forma,Common stock par value $0.01 per share (3),3,usd_m,0,24
Form10A_2026-05-27,331,NOTE_DEBT,Q1-2026,2026-03-31,Capitalization - Pro Forma,Additional paid-in capital (4),9927,usd_m,0,25
Form10A_2026-05-27,331,NOTE_DEBT,Q1-2026,2026-03-31,Capitalization - Actual,Accumulated other comprehensive (loss) income,-3,usd_m,0,26
Form10A_2026-05-27,331,NOTE_DEBT,Q1-2026,2026-03-31,Capitalization - Pro Forma,Accumulated other comprehensive (loss) income,-3,usd_m,0,26
Form10A_2026-05-27,331,NOTE_DEBT,Q1-2026,2026-03-31,Capitalization - Actual,Parent company investment (4),11586,usd_m,0,27
Form10A_2026-05-27,331,NOTE_DEBT,Q1-2026,2026-03-31,Capitalization - Actual,Total equity,11583,usd_m,1,28
Form10A_2026-05-27,331,NOTE_DEBT,Q1-2026,2026-03-31,Capitalization - Pro Forma,Total equity,9927,usd_m,1,28
Form10A_2026-05-27,331,NOTE_DEBT,Q1-2026,2026-03-31,Capitalization - Actual,Total capitalization,11810,usd_m,1,29
Form10A_2026-05-27,331,NOTE_DEBT,Q1-2026,2026-03-31,Capitalization - Pro Forma,Total capitalization,11908,usd_m,1,29
Form10A_2026-05-27,331,NOTE_EQUITY,Q1-2026,2026-03-31,Capitalization - Pro Forma,shares authorized,1000000000,count,0,31
Form10A_2026-05-27,331,NOTE_EQUITY,Q1-2026,2026-03-31,Capitalization - Pro Forma,shares issued and outstanding pro forma (based on S&P Global shares outstanding as of May 15 2026),295077160,count,0,32
Form10A_2026-05-27,331,NOTE_EQUITY,Q1-2026,2026-03-31,Capitalization - Pro Forma,common stock par value per share,0.01,usd_per_share,0,33
Form10A_2026-05-27,331,NOTE_EQUITY,Q1-2026,2026-03-31,Distribution,distribution ratio (Mobility shares per S&P Global share),1,count,0,34
Form10A_2026-05-27,339,NOTE_EQUITY,Q1-2026,2026-03-31,Pro forma EPS,weighted-average shares used for pro forma basic and diluted EPS (Q1-2026 and FY2025),295077160,count,0,35
Form10A_2026-05-27,337,NOTE_DEBT,Q1-2026,2026-03-31,Revolving credit facility,revolving credit facility capacity (undrawn at Separation),500,usd_m,0,40
Form10A_2026-05-27,337,NOTE_DEBT,Q1-2026,2026-03-31,Revolving credit facility,deferred debt issuance costs - credit facility (Other non-current assets),3,usd_m,0,41
Form10A_2026-05-27,337,NOTE_DEBT,Q1-2026,2026-03-31,Senior notes,senior notes aggregate principal amount,2000,usd_m,1,42
Form10A_2026-05-27,337,NOTE_DEBT,Q1-2026,2026-03-31,Senior notes,5.050% senior notes due 2029 - principal,650,usd_m,0,43
Form10A_2026-05-27,337,NOTE_DEBT,Q1-2026,2026-03-31,Senior notes,5.450% senior notes due 2031 - principal,650,usd_m,0,44
Form10A_2026-05-27,337,NOTE_DEBT,Q1-2026,2026-03-31,Senior notes,6.050% senior notes due 2036 - principal,700,usd_m,0,45
Form10A_2026-05-27,337,NOTE_DEBT,Q1-2026,2026-03-31,Senior notes,5.050% senior notes due 2029 - coupon,5.05,pct,0,46
Form10A_2026-05-27,337,NOTE_DEBT,Q1-2026,2026-03-31,Senior notes,5.450% senior notes due 2031 - coupon,5.45,pct,0,47
Form10A_2026-05-27,337,NOTE_DEBT,Q1-2026,2026-03-31,Senior notes,6.050% senior notes due 2036 - coupon,6.05,pct,0,48
Form10A_2026-05-27,337,NOTE_DEBT,Q1-2026,2026-03-31,Senior notes,debt issuance costs - senior notes,16,usd_m,0,49
Form10A_2026-05-27,337,NOTE_DEBT,Q1-2026,2026-03-31,Senior notes,total original issue discount,3,usd_m,0,50
Form10A_2026-05-27,337,NOTE_DEBT,Q1-2026,2026-03-31,Spin financing,expected net cash proceeds from Debt Financing Transactions,1978,usd_m,0,51
Form10A_2026-05-27,337,NOTE_DEBT,Q1-2026,2026-03-31,Spin financing,net cash distribution to S&P Global (approximately; substantially concurrently with the Separation),1900,usd_m,0,52
Form10A_2026-05-27,337,NOTE_DEBT,Q1-2026,2026-03-31,Spin financing,target cash balance upon completion of the Separation (approximately),200,usd_m,0,53
Form10A_2026-05-27,337,NOTE_DEBT,Q1-2026,2026-03-31,Pro forma cash adjustments (c),Cash proceeds from issuance of senior notes,1997,usd_m,0,60
Form10A_2026-05-27,337,NOTE_DEBT,Q1-2026,2026-03-31,Pro forma cash adjustments (c),Cash payment of debt issuance costs – senior notes,-16,usd_m,0,61
Form10A_2026-05-27,337,NOTE_DEBT,Q1-2026,2026-03-31,Pro forma cash adjustments (c),Cash payment of debt issuance costs – revolving credit facility,-3,usd_m,0,62
Form10A_2026-05-27,337,NOTE_DEBT,Q1-2026,2026-03-31,Pro forma cash adjustments (c),Net cash distribution to S&P Global,-1900,usd_m,0,63
Form10A_2026-05-27,337,NOTE_DEBT,Q1-2026,2026-03-31,Pro forma cash adjustments (c),Total pro forma adjustment to Cash and cash equivalents,78,usd_m,1,64
Form10A_2026-05-27,338,NOTE_EQUITY,Q1-2026,2026-03-31,Pro forma APIC adjustments (g),Cash distribution to S&P Global,-1900,usd_m,0,70
Form10A_2026-05-27,338,NOTE_EQUITY,Q1-2026,2026-03-31,Pro forma APIC adjustments (g),Settlement of related party balances,236,usd_m,0,71
Form10A_2026-05-27,338,NOTE_EQUITY,Q1-2026,2026-03-31,Pro forma APIC adjustments (g),Liabilities retained by S&P Global,8,usd_m,0,72
Form10A_2026-05-27,338,NOTE_EQUITY,Q1-2026,2026-03-31,Pro forma APIC adjustments (g),Common stock issuance,-3,usd_m,0,73
Form10A_2026-05-27,338,NOTE_EQUITY,Q1-2026,2026-03-31,Pro forma APIC adjustments (g),Parent Company investment reclassification,11586,usd_m,0,74
Form10A_2026-05-27,338,NOTE_EQUITY,Q1-2026,2026-03-31,Pro forma APIC adjustments (g),Total pro forma adjustment to Additional paid-in capital,9927,usd_m,1,75
Form10A_2026-05-27,338,NOTE_DEBT,Q1-2026,2026-03-31,Pro forma interest (h),weighted average interest rate incl. amortization of deferred financing fees and OID,5.74,pct,0,80
Form10A_2026-05-27,338,NOTE_DEBT,Q1-2026,2026-03-31,Pro forma interest (h),Interest expense on and amortization of original discount and deferred issuance costs related to the Debt Financing Transactions,29,usd_m,0,81
Form10A_2026-05-27,338,NOTE_DEBT,Q1-2026,2026-03-31,Pro forma interest (h),"Total pro forma adjustment to Interest expense, net",26,usd_m,1,83
Form10A_2026-05-27,338,NOTE_DEBT,FY2025,2025-12-31,Pro forma interest (h),Interest expense on and amortization of original discount and deferred issuance costs related to the Debt Financing Transactions,114,usd_m,0,81
Form10A_2026-05-27,338,NOTE_DEBT,FY2025,2025-12-31,Pro forma interest (h),Removal of Interest expense on related party note settled as distribution to S&P Global,-14,usd_m,0,82
Form10A_2026-05-27,338,NOTE_DEBT,FY2025,2025-12-31,Pro forma interest (h),"Total pro forma adjustment to Interest expense, net",100,usd_m,1,83
Form10A_2026-05-27,338,NOTE_COMMIT,Q1-2026,2026-03-31,Pro forma (e),restructuring liabilities retained by S&P Global (Other current liabilities),8,usd_m,0,90
Form10A_2026-05-27,339,NOTE_RELATED,FY2025,2025-12-31,TSA (j),Incremental costs associated with TSA,3,usd_m,0,20
Form10A_2026-05-27,339,NOTE_RELATED,FY2025,2025-12-31,Pro forma S&G (l),Net impact on rent expense for leases associated with new corporate offices,9,usd_m,0,21
Form10A_2026-05-27,339,NOTE_RELATED,FY2025,2025-12-31,Pro forma S&G (l),Total pro forma adjustment to Selling and general expenses,12,usd_m,1,22
Form10A_2026-05-27,339,NOTE_RELATED,Q1-2026,2026-03-31,Pro forma S&G (l),Net impact on rent expense for leases associated with new corporate offices,2,usd_m,0,21
Form10A_2026-05-27,339,NOTE_RELATED,Q1-2026,2026-03-31,Pro forma S&G (l),Total pro forma adjustment to Selling and general expenses,2,usd_m,1,22
Form10A_2026-05-27,327,NOTE_RELATED,Q1-2026,2026-03-31,TSA terms,TSA service period up to (months following the Distribution),18,count,0,23
Form10A_2026-05-27,339,NOTE_LEASES,Q1-2026,2026-03-31,Pro forma new corporate office leases (k),Right-of-use assets,54,usd_m,0,30
Form10A_2026-05-27,339,NOTE_LEASES,Q1-2026,2026-03-31,Pro forma new corporate office leases (k),Current operating lease liabilities,1,usd_m,0,30
Form10A_2026-05-27,339,NOTE_LEASES,Q1-2026,2026-03-31,Pro forma new corporate office leases (k),Non-current operating lease liabilities,53,usd_m,0,30
Form10A_2026-05-27,363,NOTE_DEBT,Q1-2026,2026-03-31,Revolving Credit Facility (entered 2026-05-06),Credit Facility tenor from Initial Availability Date (years),5,count,0,100
Form10A_2026-05-27,364,NOTE_DEBT,Q1-2026,2026-03-31,Revolving Credit Facility,applicable margin term rate loans - minimum,1.0,pct,0,101
Form10A_2026-05-27,364,NOTE_DEBT,Q1-2026,2026-03-31,Revolving Credit Facility,applicable margin term rate loans - maximum,1.625,pct,0,102
Form10A_2026-05-27,364,NOTE_DEBT,Q1-2026,2026-03-31,Revolving Credit Facility,applicable margin base rate loans - minimum,0,pct,0,103
Form10A_2026-05-27,364,NOTE_DEBT,Q1-2026,2026-03-31,Revolving Credit Facility,applicable margin base rate loans - maximum,0.625,pct,0,104
Form10A_2026-05-27,364,NOTE_DEBT,Q1-2026,2026-03-31,Revolving Credit Facility,covenant: maximum total net leverage ratio (x),3.5,count,0,105
Form10A_2026-05-27,364,NOTE_DEBT,Q1-2026,2026-03-31,Revolving Credit Facility,covenant: step-up maximum total net leverage ratio after qualifying material acquisition (x; four fiscal quarters),4.0,count,0,106
Form10A_2026-05-27,364,NOTE_DEBT,Q1-2026,2026-03-31,Revolving Credit Facility,maturity extension options (one-year each; maximum number),2,count,0,107
Form10A_2026-05-27,364,NOTE_DEBT,Q1-2026,2026-03-31,Senior notes,special mandatory redemption price (% of principal) if escrow conditions not met by 2027-06-30,101,pct,0,108
Form10A_2026-05-27,364,NOTE_DEBT,Q1-2026,2026-03-31,Senior notes,approximate cash payment to S&P Global from senior notes proceeds (printed as approximately $1.9 billion),1900,usd_m,0,109
Form10A_2026-05-27,365,NOTE_COMMIT,FY2025,2025-12-31,Contractual obligations,Operating leases (1) - Less than 1 Year,7,usd_m,0,10
Form10A_2026-05-27,365,NOTE_COMMIT,FY2025,2025-12-31,Contractual obligations,Operating leases (1) - 1-3 Years,4,usd_m,0,11
Form10A_2026-05-27,365,NOTE_COMMIT,FY2025,2025-12-31,Contractual obligations,Operating leases (1) - 3-5 Years,4,usd_m,0,12
Form10A_2026-05-27,365,NOTE_COMMIT,FY2025,2025-12-31,Contractual obligations,Operating leases (1) - More than 5 Years,4,usd_m,0,13
Form10A_2026-05-27,365,NOTE_COMMIT,FY2025,2025-12-31,Contractual obligations,Operating leases (1) - Total,19,usd_m,1,14
Form10A_2026-05-27,365,NOTE_COMMIT,FY2025,2025-12-31,Contractual obligations,Purchase obligations and other (2) - Less than 1 Year,44,usd_m,0,15
Form10A_2026-05-27,365,NOTE_COMMIT,FY2025,2025-12-31,Contractual obligations,Purchase obligations and other (2) - 1-3 Years,36,usd_m,0,16
Form10A_2026-05-27,365,NOTE_COMMIT,FY2025,2025-12-31,Contractual obligations,Purchase obligations and other (2) - 3-5 Years,10,usd_m,0,17
Form10A_2026-05-27,365,NOTE_COMMIT,FY2025,2025-12-31,Contractual obligations,Purchase obligations and other (2) - Total,90,usd_m,1,19
Form10A_2026-05-27,365,NOTE_COMMIT,FY2025,2025-12-31,Contractual obligations,Total contractual cash obligations - Less than 1 Year,51,usd_m,1,20
Form10A_2026-05-27,365,NOTE_COMMIT,FY2025,2025-12-31,Contractual obligations,Total contractual cash obligations - 1-3 Years,40,usd_m,1,21
Form10A_2026-05-27,365,NOTE_COMMIT,FY2025,2025-12-31,Contractual obligations,Total contractual cash obligations - 3-5 Years,14,usd_m,1,22
Form10A_2026-05-27,365,NOTE_COMMIT,FY2025,2025-12-31,Contractual obligations,Total contractual cash obligations - More than 5 Years,4,usd_m,1,23
Form10A_2026-05-27,365,NOTE_COMMIT,FY2025,2025-12-31,Contractual obligations,Total contractual cash obligations - Total,109,usd_m,1,24
10Q_Q2-2026,11,NOTE_DEBT,Q2-2026,2026-06-30,Debt table,5.050% Senior notes due 2029,650,usd_m,0,201
10Q_Q2-2026,11,NOTE_DEBT,FY2025,2025-12-31,Debt table (comparative),5.050% Senior notes due 2029,0,usd_m,0,201
10Q_Q2-2026,11,NOTE_DEBT,Q2-2026,2026-06-30,Debt table,5.450% Senior notes due 2031,650,usd_m,0,202
10Q_Q2-2026,11,NOTE_DEBT,FY2025,2025-12-31,Debt table (comparative),5.450% Senior notes due 2031,0,usd_m,0,202
10Q_Q2-2026,11,NOTE_DEBT,Q2-2026,2026-06-30,Debt table,6.050% Senior notes due 2036,700,usd_m,0,203
10Q_Q2-2026,11,NOTE_DEBT,FY2025,2025-12-31,Debt table (comparative),6.050% Senior notes due 2036,0,usd_m,0,203
10Q_Q2-2026,11,NOTE_DEBT,Q2-2026,2026-06-30,Debt table,Less: Unamortized debt issuance costs and discount on debt,-19,usd_m,0,204
10Q_Q2-2026,11,NOTE_DEBT,FY2025,2025-12-31,Debt table (comparative),Less: Unamortized debt issuance costs and discount on debt,0,usd_m,0,204
10Q_Q2-2026,11,NOTE_DEBT,Q2-2026,2026-06-30,Debt table,Total debt,1981,usd_m,1,205
10Q_Q2-2026,11,NOTE_DEBT,FY2025,2025-12-31,Debt table (comparative),Total debt,0,usd_m,1,205
10Q_Q2-2026,11,NOTE_DEBT,Q2-2026,2026-06-30,Senior Notes (issued 2026-05-29; escrow released 2026-06-30; interest Jun 15/Dec 15 from 2026-12-15),aggregate principal amount issued,2000,usd_m,0,210
10Q_Q2-2026,12,NOTE_DEBT,Q2-2026,2026-06-30,Senior Notes,debt issuance costs incurred (approximately),16.0,usd_m,0,211
10Q_Q2-2026,12,NOTE_DEBT,Q2-2026,2026-06-30,Senior Notes,change of control repurchase price (% of principal),101,pct,0,212
10Q_Q2-2026,12,NOTE_DEBT,Q2-2026,2026-06-30,Spin distribution,dividend paid to S&P Global as consideration for transfer of assets liabilities and entities (printed $2.0 billion),2000,usd_m,0,213
10Q_Q2-2026,7,NOTE_DEBT,6M-2026,2026-06-30,Cash flow,Proceeds from issuance of Senior Notes,1986,usd_m,0,214
10Q_Q2-2026,7,NOTE_DEBT,6M-2026,2026-06-30,Cash flow,Net transfers to Parent,-2011,usd_m,0,215
10Q_Q2-2026,7,NOTE_DEBT,6M-2026,2026-06-30,Supplemental non-cash,Consolidation of Canada Carfax Loan,230,usd_m,0,216
10Q_Q2-2026,7,NOTE_DEBT,6M-2026,2026-06-30,Supplemental non-cash,Accrued debt issuance costs,5,usd_m,0,217
10Q_Q2-2026,12,NOTE_DEBT,Q2-2026,2026-06-30,Revolving Credit Facility (matures 2031-07-01; available 2026-07-01),Credit Facility commitment,500,usd_m,0,220
10Q_Q2-2026,12,NOTE_DEBT,Q2-2026,2026-06-30,Revolving Credit Facility,optional capacity increase (accordion) up to,250,usd_m,0,221
10Q_Q2-2026,12,NOTE_DEBT,Q2-2026,2026-06-30,Revolving Credit Facility,applicable margin term rate loans - minimum,1.0,pct,0,222
10Q_Q2-2026,12,NOTE_DEBT,Q2-2026,2026-06-30,Revolving Credit Facility,applicable margin term rate loans - maximum,1.625,pct,0,223
10Q_Q2-2026,12,NOTE_DEBT,Q2-2026,2026-06-30,Revolving Credit Facility,applicable margin base rate loans - minimum,0,pct,0,224
10Q_Q2-2026,12,NOTE_DEBT,Q2-2026,2026-06-30,Revolving Credit Facility,applicable margin base rate loans - maximum,0.625,pct,0,225
10Q_Q2-2026,13,NOTE_DEBT,Q2-2026,2026-06-30,Revolving Credit Facility,covenant: maximum total net leverage ratio (x),3.5,count,0,226
10Q_Q2-2026,13,NOTE_DEBT,Q2-2026,2026-06-30,Revolving Credit Facility,covenant: step-up maximum after qualifying material acquisition (x),4.0,count,0,227
10Q_Q2-2026,13,NOTE_DEBT,Q2-2026,2026-06-30,Revolving Credit Facility,outstanding borrowings,0,usd_m,0,228
10Q_Q2-2026,17,NOTE_DEBT,6M-2026,2026-06-30,Canada Carfax Loan (contributed by S&P Global 2026-06-25; eliminated in consolidation),related party interest expense,7,usd_m,0,230
10Q_Q2-2026,17,NOTE_DEBT,6M-2025,2025-06-30,Canada Carfax Loan,related party interest expense,7,usd_m,0,230
10Q_Q2-2026,17,NOTE_DEBT,6M-2026,2026-06-30,Canada Carfax Loan,voluntary prepayments on principal,0,usd_m,0,231
10Q_Q2-2026,17,NOTE_DEBT,6M-2025,2025-06-30,Canada Carfax Loan,voluntary prepayments on principal,18,usd_m,0,231
10Q_Q2-2026,17,NOTE_DEBT,6M-2026,2026-06-30,Canada Carfax Loan,payments of interest,7,usd_m,0,232
10Q_Q2-2026,17,NOTE_DEBT,6M-2025,2025-06-30,Canada Carfax Loan,payments of interest,7,usd_m,0,232
10Q_Q2-2026,17,NOTE_DEBT,FY2025,2025-12-31,Canada Carfax Loan,outstanding loan balance payable to S&P Global inclusive of accrued interest,230,usd_m,0,233
10Q_Q2-2026,13,NOTE_TAX,Q2-2026,2026-06-30,Interim ETR,effective income tax rate,29.3,pct,0,1
10Q_Q2-2026,13,NOTE_TAX,Q2-2025,2025-06-30,Interim ETR,effective income tax rate,29.3,pct,0,1
10Q_Q2-2026,13,NOTE_TAX,6M-2026,2026-06-30,Interim ETR,effective income tax rate,29.4,pct,0,1
10Q_Q2-2026,13,NOTE_TAX,6M-2025,2025-06-30,Interim ETR,effective income tax rate,28.9,pct,0,1
10Q_Q2-2026,13,NOTE_PENSION,Q2-2026,2026-06-30,Defined Contribution Plan,401(k) plan expense for Mobility Global employees,5,usd_m,0,1
10Q_Q2-2026,13,NOTE_PENSION,Q2-2025,2025-06-30,Defined Contribution Plan,401(k) plan expense for Mobility Global employees,6,usd_m,0,1
10Q_Q2-2026,13,NOTE_PENSION,6M-2026,2026-06-30,Defined Contribution Plan,401(k) plan expense for Mobility Global employees,13,usd_m,0,1
10Q_Q2-2026,13,NOTE_PENSION,6M-2025,2025-06-30,Defined Contribution Plan,401(k) plan expense for Mobility Global employees,12,usd_m,0,1
10Q_Q2-2026,16,NOTE_RELATED,Q2-2026,2026-06-30,Related party summary,Data sharing revenues,1,usd_m,0,1
10Q_Q2-2026,16,NOTE_RELATED,Q2-2025,2025-06-30,Related party summary,Data sharing revenues,1,usd_m,0,1
10Q_Q2-2026,16,NOTE_RELATED,6M-2026,2026-06-30,Related party summary,Data sharing revenues,2,usd_m,0,1
10Q_Q2-2026,16,NOTE_RELATED,6M-2025,2025-06-30,Related party summary,Data sharing revenues,2,usd_m,0,1
10Q_Q2-2026,16,NOTE_RELATED,Q2-2026,2026-06-30,Related party summary,Data sharing expenses (1),1,usd_m,0,2
10Q_Q2-2026,16,NOTE_RELATED,6M-2026,2026-06-30,Related party summary,Data sharing expenses (1),1,usd_m,0,2
10Q_Q2-2026,16,NOTE_RELATED,Q2-2026,2026-06-30,Related party summary,Corporate allocations from Parent (2),36,usd_m,0,3
10Q_Q2-2026,16,NOTE_RELATED,Q2-2025,2025-06-30,Related party summary,Corporate allocations from Parent (2),24,usd_m,0,3
10Q_Q2-2026,16,NOTE_RELATED,6M-2026,2026-06-30,Related party summary,Corporate allocations from Parent (2),64,usd_m,0,3
10Q_Q2-2026,16,NOTE_RELATED,6M-2025,2025-06-30,Related party summary,Corporate allocations from Parent (2),46,usd_m,0,3
10Q_Q2-2026,16,NOTE_RELATED,Q2-2026,2026-06-30,Related party summary,Total expenses,37,usd_m,1,4
10Q_Q2-2026,16,NOTE_RELATED,Q2-2025,2025-06-30,Related party summary,Total expenses,24,usd_m,1,4
10Q_Q2-2026,16,NOTE_RELATED,6M-2026,2026-06-30,Related party summary,Total expenses,65,usd_m,1,4
10Q_Q2-2026,16,NOTE_RELATED,6M-2025,2025-06-30,Related party summary,Total expenses,46,usd_m,1,4
10Q_Q2-2026,16,NOTE_RELATED,Q2-2026,2026-06-30,Related party summary,"Related party loan interest expense, net",4,usd_m,0,5
10Q_Q2-2026,16,NOTE_RELATED,Q2-2025,2025-06-30,Related party summary,"Related party loan interest expense, net",3,usd_m,0,5
10Q_Q2-2026,16,NOTE_RELATED,6M-2026,2026-06-30,Related party summary,"Related party loan interest expense, net",7,usd_m,0,5
10Q_Q2-2026,16,NOTE_RELATED,6M-2025,2025-06-30,Related party summary,"Related party loan interest expense, net",7,usd_m,0,5
10Q_Q2-2026,17,NOTE_RELATED,Q2-2026,2026-06-30,Stand-up costs,transaction costs related to the stand-up of Mobility Global as a stand-alone entity,36,usd_m,0,7
10Q_Q2-2026,17,NOTE_RELATED,Q2-2026,2026-06-30,Stand-up costs,of which allocated to the Company from S&P Global (approximately),15,usd_m,0,8
10Q_Q2-2026,17,NOTE_RELATED,6M-2026,2026-06-30,Stand-up costs,transaction costs related to the stand-up of Mobility Global as a stand-alone entity,57,usd_m,0,7
10Q_Q2-2026,17,NOTE_RELATED,6M-2026,2026-06-30,Stand-up costs,of which allocated to the Company from S&P Global (approximately),22,usd_m,0,8
10Q_Q2-2026,17,NOTE_RELATED,Q2-2025,2025-06-30,Stand-up costs,transaction costs related to the stand-up of Mobility Global as a stand-alone entity,2,usd_m,0,7
10Q_Q2-2026,17,NOTE_RELATED,Q2-2025,2025-06-30,Stand-up costs,of which allocated to the Company from S&P Global (approximately),2,usd_m,0,8
10Q_Q2-2026,17,NOTE_RELATED,6M-2025,2025-06-30,Stand-up costs,transaction costs related to the stand-up of Mobility Global as a stand-alone entity,2,usd_m,0,7
10Q_Q2-2026,17,NOTE_RELATED,6M-2025,2025-06-30,Stand-up costs,of which allocated to the Company from S&P Global (approximately),2,usd_m,0,8
10Q_Q2-2026,16,NOTE_RELATED,Q2-2026,2026-06-30,Corporate allocations footnote (2),severance and other employee related costs included in corporate allocations,2,usd_m,0,9
10Q_Q2-2026,16,NOTE_RELATED,6M-2026,2026-06-30,Corporate allocations footnote (2),severance and other employee related costs included in corporate allocations,2,usd_m,0,9
10Q_Q2-2026,17,NOTE_EQUITY,Q2-2026,2026-06-30,Parent company investment components,Cash pooling and general financing activities,-1886,usd_m,0,10
10Q_Q2-2026,17,NOTE_EQUITY,Q2-2025,2025-06-30,Parent company investment components,Cash pooling and general financing activities,-216,usd_m,0,10
10Q_Q2-2026,17,NOTE_EQUITY,6M-2026,2026-06-30,Parent company investment components,Cash pooling and general financing activities,-1916,usd_m,0,10
10Q_Q2-2026,17,NOTE_EQUITY,6M-2025,2025-06-30,Parent company investment components,Cash pooling and general financing activities,-328,usd_m,0,10
10Q_Q2-2026,17,NOTE_EQUITY,Q2-2026,2026-06-30,Parent company investment components,Unbilled corporate allocations,33,usd_m,0,11
10Q_Q2-2026,17,NOTE_EQUITY,Q2-2025,2025-06-30,Parent company investment components,Unbilled corporate allocations,24,usd_m,0,11
10Q_Q2-2026,17,NOTE_EQUITY,6M-2026,2026-06-30,Parent company investment components,Unbilled corporate allocations,60,usd_m,0,11
10Q_Q2-2026,17,NOTE_EQUITY,6M-2025,2025-06-30,Parent company investment components,Unbilled corporate allocations,45,usd_m,0,11
10Q_Q2-2026,17,NOTE_EQUITY,Q2-2026,2026-06-30,Parent company investment components,Stock-based compensation,5,usd_m,0,12
10Q_Q2-2026,17,NOTE_EQUITY,Q2-2025,2025-06-30,Parent company investment components,Stock-based compensation,4,usd_m,0,12
10Q_Q2-2026,17,NOTE_EQUITY,6M-2026,2026-06-30,Parent company investment components,Stock-based compensation,9,usd_m,0,12
10Q_Q2-2026,17,NOTE_EQUITY,6M-2025,2025-06-30,Parent company investment components,Stock-based compensation,9,usd_m,0,12
10Q_Q2-2026,17,NOTE_EQUITY,Q2-2026,2026-06-30,Parent company investment components,Assumed income tax payments,42,usd_m,0,13
10Q_Q2-2026,17,NOTE_EQUITY,Q2-2025,2025-06-30,Parent company investment components,Assumed income tax payments,51,usd_m,0,13
10Q_Q2-2026,17,NOTE_EQUITY,6M-2026,2026-06-30,Parent company investment components,Assumed income tax payments,83,usd_m,0,13
10Q_Q2-2026,17,NOTE_EQUITY,6M-2025,2025-06-30,Parent company investment components,Assumed income tax payments,93,usd_m,0,13
10Q_Q2-2026,17,NOTE_EQUITY,Q2-2026,2026-06-30,Parent company investment components,Net decrease in Parent company investment,-1806,usd_m,1,14
10Q_Q2-2026,17,NOTE_EQUITY,Q2-2025,2025-06-30,Parent company investment components,Net decrease in Parent company investment,-137,usd_m,1,14
10Q_Q2-2026,17,NOTE_EQUITY,6M-2026,2026-06-30,Parent company investment components,Net decrease in Parent company investment,-1764,usd_m,1,14
10Q_Q2-2026,17,NOTE_EQUITY,6M-2025,2025-06-30,Parent company investment components,Net decrease in Parent company investment,-181,usd_m,1,14
10Q_Q2-2026,8,NOTE_EQUITY,Q2-2026,2026-06-30,Parent company investment roll-forward,Parent Company Investment opening balance,11586,usd_m,1,1
10Q_Q2-2026,8,NOTE_EQUITY,Q2-2026,2026-06-30,Parent company investment roll-forward,Comprehensive income net of tax (net income),53,usd_m,0,2
10Q_Q2-2026,8,NOTE_EQUITY,Q2-2026,2026-06-30,Parent company investment roll-forward,Net decrease in Parent company investment,-1806,usd_m,0,3
10Q_Q2-2026,8,NOTE_EQUITY,Q2-2026,2026-06-30,Parent company investment roll-forward,Parent Company Investment balance,9833,usd_m,1,4
10Q_Q2-2026,8,NOTE_EQUITY,Q2-2025,2025-06-30,Parent company investment roll-forward,Parent Company Investment opening balance,11694,usd_m,1,1
10Q_Q2-2026,8,NOTE_EQUITY,Q2-2025,2025-06-30,Parent company investment roll-forward,Comprehensive income net of tax (net income),65,usd_m,0,2
10Q_Q2-2026,8,NOTE_EQUITY,Q2-2025,2025-06-30,Parent company investment roll-forward,Net decrease in Parent company investment,-137,usd_m,0,3
10Q_Q2-2026,8,NOTE_EQUITY,Q2-2025,2025-06-30,Parent company investment roll-forward,Parent Company Investment balance,11622,usd_m,1,4
10Q_Q2-2026,11,NOTE_EQUITY,Q2-2026,2026-06-30,Shares,shares of common stock issued and outstanding (basis for basic and diluted EPS),294821320,count,0,30
10Q_Q2-2026,18,NOTE_EQUITY,Q2-2026,2026-06-30,Distribution (2026-07-01; record date 2026-06-15),distribution ratio (Mobility Global shares per S&P Global share),1,count,0,31
10Q_Q2-2026,18,NOTE_EQUITY,Q3-2026,2026-09-30,Dividend (declared Aug 2026; record 2026-08-27; payable 2026-09-10),quarterly dividend per share,0.06,usd_per_share,0,32
10Q_Q2-2026,15,NOTE_EQUITY,Q2-2026,2026-06-30,Stock-based compensation,Stock-based compensation (Adjusted EBITDA reconciliation),5,usd_m,0,33
10Q_Q2-2026,15,NOTE_EQUITY,Q2-2025,2025-06-30,Stock-based compensation,Stock-based compensation (Adjusted EBITDA reconciliation),4,usd_m,0,33
10Q_Q2-2026,15,NOTE_EQUITY,6M-2026,2026-06-30,Stock-based compensation,Stock-based compensation (Adjusted EBITDA reconciliation),9,usd_m,0,33
10Q_Q2-2026,15,NOTE_EQUITY,6M-2025,2025-06-30,Stock-based compensation,Stock-based compensation (Adjusted EBITDA reconciliation),9,usd_m,0,33
10Q_Q2-2026,5,NOTE_OCI,Q2-2026,2026-06-30,OCI,Foreign currency translation adjustments,5,usd_m,0,1
10Q_Q2-2026,5,NOTE_OCI,Q2-2025,2025-06-30,OCI,Foreign currency translation adjustments,-7,usd_m,0,1
10Q_Q2-2026,5,NOTE_OCI,6M-2026,2026-06-30,OCI,Foreign currency translation adjustments,6,usd_m,0,1
10Q_Q2-2026,5,NOTE_OCI,6M-2025,2025-06-30,OCI,Foreign currency translation adjustments,-8,usd_m,0,1
10Q_Q2-2026,8,NOTE_OCI,Q2-2026,2026-06-30,AOCI balance,Accumulated Other Comprehensive Income (Loss) balance,2,usd_m,1,2
10Q_Q2-2026,8,NOTE_OCI,Q2-2025,2025-06-30,AOCI balance,Accumulated Other Comprehensive Income (Loss) balance,-5,usd_m,1,2
10Q_Q2-2026,16,NOTE_LEASES,Q2-2026,2026-06-30,Not yet commenced,lease agreements not yet commenced - total estimated future lease payments (2026 through 2037),64,usd_m,0,18
10Q_Q2-2026,6,NOTE_LEASES,Q2-2026,2026-06-30,Balance sheet,Right of use assets,33,usd_m,0,1
10Q_Q2-2026,6,NOTE_LEASES,Q2-2026,2026-06-30,Balance sheet,Operating lease liabilities (non-current),27,usd_m,0,3
10Q_Q2-2026,10,NOTE_DEFREV,6M-2026,2026-06-30,Unearned Revenue,revenues recognized that were included in the unearned revenue balance at the beginning of the period,60,usd_m,0,1
10Q_Q2-2026,10,NOTE_DEFREV,Q2-2026,2026-06-30,Remaining Performance Obligations,aggregate transaction price allocated to remaining performance obligations (majority over next 12 months),102,usd_m,0,2
10Q_Q2-2026,6,NOTE_DEFREV,Q2-2026,2026-06-30,Balance sheet,Unearned revenue,102,usd_m,0,3
10Q_Q2-2026,31,NOTE_DEBT,Q3-2026,2026-09-30,Hedging (effective 2026-07-01; terminates 2026-09-30),foreign currency forward contract USD/CAD entered in connection with the Canada Carfax Loan (notional not disclosed),,text,0,240
